rsid,display_name,echelon,parent_rsid,uic
USAREC,USAREC,USAREC,,
1,1ST BDE,BDE,USAREC,
1A,1A - ALBANY,BN,1,
1A1,1A1 - ALBANY,CO,1A,
1A1D,1A1D - ALBANY,STN,1A1,
1A1G,1A1G - JOHNSTOWN,STN,1A1,
1A1N,1A1N - SARATOGA SPRINGS,STN,1A1,
1A1O,1A1O - ONEONTA,STN,1A1,
1A1Q,1A1Q - SCHENECTADY,STN,1A1,
1A1W,1A1W - CLIFTON PARK,STN,1A1,
1A3,1A3 - BURLINGTON,CO,1A,
1A3B,1A3B - BARRE,STN,1A3,
1A3D,1A3D - BURLINGTON,STN,1A3,
1A3L,1A3L - GLENS FALLS,STN,1A3,
1A3P,1A3P - PLATTSBURGH,STN,1A3,
1A3V,1A3V - RUTLAND,STN,1A3,
1A4,1A4 - SPRINGFIELD,CO,1A,
1A4F,1A4F - FITCHBURG,STN,1A4,
1A4H,1A4H - SOUTH HADLEY,STN,1A4,
1A4T,1A4T - SOUTHBRIDGE,STN,1A4,
1A4V,1A4V - WORCESTER,STN,1A4,
1A4W,1A4W - SPRINGFIELD MA,STN,1A4,
1A5,1A5 - HARTFORD,CO,1A,
1A5E,1A5E - ENFIELD,STN,1A5,
1A5F,1A5F - HARTFORD,STN,1A5,
1A5H,1A5H - MANCHESTER CT,STN,1A5,
1A5J,1A5J - BRISTOL CT,STN,1A5,
1A5L,1A5L - MANSFIELD,STN,1A5,
1A5T,1A5T - TORRINGTON,STN,1A5,
1A5W,1A5W - WATERBURY,STN,1A5,
1A6,1A6 - NEW HAVEN,CO,1A,
1A6D,1A6D - BRIDGEPORT CT,STN,1A6,
1A6F,1A6F - STAMFORD,STN,1A6,
1A6K,1A6K - NORWICH CT,STN,1A6,
1A6L,1A6L - MIDDLETOWN CT,STN,1A6,
1A6N,1A6N - NEW HAVEN,STN,1A6,
1A6P,1A6P - GROTON,STN,1A6,
1A6R,1A6R - DANBURY,STN,1A6,
1A6W,1A6W - ANSONIA,STN,1A6,
1A8,1A8 - EUROPE,CO,1A,
1A8G,1A8G - GRAFENWOEHR,STN,1A8,
1A8H,1A8H - WIESBADEN,STN,1A8,
1A8J,1A8J - KAISERSLAUTERN,STN,1A8,
1A8M,1A8M - STUTTGART,STN,1A8,
1A8V,1A8V - VICENZA,STN,1A8,
1A9,1A9 - BEAR MOUNTAIN,CO,1A,
1A9A,1A9A - KINGSTON,STN,1A9,
1A9D,1A9D - MIDDLETOWN NY,STN,1A9,
1A9K,1A9K - SPRING VALLEY,STN,1A9,
1A9N,1A9N - NEW WINDSOR,STN,1A9,
1A9R,1A9R - POUGHKEEPSIE,STN,1A9,
1A9S,1A9S - PEEKSKILL,STN,1A9,
1B,1B - WASHINGTON (BALT),BN,1,
1B1,1B1 - COLUMBIA MD,CO,1B,
1B1A,1B1A - ROCKVILLE,STN,1B1,
1B1C,1B1C - COLUMBIA MD,STN,1B1,
1B1D,1B1D - GLEN BURNIE,STN,1B1,
1B1G,1B1G - GAITHERSBURG,STN,1B1,
1B1L,1B1L - ANNAPOLIS,STN,1B1,
1B1W,1B1W - SILVER SPRING - DOWNTOWN,STN,1B1,
1B2,1B2 - DELMARVA-SEAFORD,CO,1B,
1B2A,1B2A - GEORGETOWN,STN,1B2,
1B2B,1B2B - SALISBURY MD,STN,1B2,
1B2C,1B2C - EASTON MD,STN,1B2,
1B2D,1B2D - DOVER DE,STN,1B2,
1B2K,1B2K - NORTH EAST,STN,1B2,
1B2N,1B2N - NEWARK DE-M,STN,1B2,
1B2W,1B2W - WILMINGTON DE,STN,1B2,
1B3,1B3 - BALTIMORE,CO,1B,
1B3D,1B3D - BEL AIR,STN,1B3,
1B3G,1B3G - ROSEDALE,STN,1B3,
1B3H,1B3H - CATONSVILLE,STN,1B3,
1B3M,1B3M - MONDAWMIN MALL,STN,1B3,
1B3R,1B3R - TOWSON,STN,1B3,
1B3W,1B3W - WESTMINSTER,STN,1B3,
1B5,1B5 - FREDERICK,CO,1B,
1B5D,1B5D - FREDERICK,STN,1B5,
1B5G,1B5G - HAGERSTOWN,STN,1B5,
1B5H,1B5H - FAIRFAX,STN,1B5,
1B5J,1B5J - STERLING,STN,1B5,
1B5K,1B5K - MARTINSBURG,STN,1B5,
1B5P,1B5P - MANASSAS,STN,1B5,
1B5W,1B5W - WINCHESTER,STN,1B5,
1B6,1B6 - LANDOVER,CO,1B,
1B6B,1B6B - LAUREL,STN,1B6,
1B6D,1B6D - HYATTSVILLE,STN,1B6,
1B6E,1B6E - LEXINGTON PARK,STN,1B6,
1B6F,1B6F - WASHINGTON D.C.,STN,1B6,
1B6L,1B6L - OXON HILL,STN,1B6,
1B6M,1B6M - WALDORF,STN,1B6,
1B6R,1B6R - LARGO,STN,1B6,
1B6S,1B6S - PRINCE FREDERICK,STN,1B6,
1B7,1B7 - POTOMAC,CO,1B,
1B7B,1B7B - ALEXANDRIA,STN,1B7,
1B7C,1B7C - CULPEPPER,STN,1B7,
1B7F,1B7F - ARLINGTON,STN,1B7,
1B7H,1B7H - FREDERICKSBURG,STN,1B7,
1B7K,1B7K - FALLS CHURCH,STN,1B7,
1B7M,1B7M - SPRINGFIELD,STN,1B7,
1B7S,1B7S - STAFFORD,STN,1B7,
1B7W,1B7W - WOODBRIDGE,STN,1B7,
1D,1D - NEW ENGLAND,BN,1,
1D1,1D1 - MAINE,CO,1D,
1D1A,1D1A - AUBURN ME,STN,1D1,
1D1D,1D1D - AUGUSTA,STN,1D1,
1D1G,1D1G - BANGOR,STN,1D1,
1D1N,1D1N - SCARBOROUGH,STN,1D1,
1D1V,1D1V - WATERVILLE,STN,1D1,
1D2,1D2 - NEW HAMPSHIRE,CO,1D,
1D2A,1D2A - LITTLETON,STN,1D2,
1D2I,1D2I - DOVER,STN,1D2,
1D2J,1D2J - CONCORD,STN,1D2,
1D2K,1D2K - KEENE,STN,1D2,
1D2P,1D2P - MANCHESTER,STN,1D2,
1D2R,1D2R - AMHERST,STN,1D2,
1D4,1D4 - BOSTON METRO,CO,1D,
1D4A,1D4A - BOSTON METRO,STN,1D4,
1D4F,1D4F - MALDEN,STN,1D4,
1D4R,1D4R - ROSLINDALE,STN,1D4,
1D4T,1D4T - QUINCY,STN,1D4,
1D5,1D5 - NORTH SHORE,CO,1D,
1D5B,1D5B - LOWELL,STN,1D5,
1D5C,1D5C - WALTHAM,STN,1D5,
1D5E,1D5E - FRAMINGHAM,STN,1D5,
1D5G,1D5G - METHUEN,STN,1D5,
1D5L,1D5L - PEABODY,STN,1D5,
1D6,1D6 - RHODE ISLAND,CO,1D,
1D6F,1D6F - NORTH DARTMOUTH,STN,1D6,
1D6P,1D6P - PROVIDENCE SOUTH,STN,1D6,
1D6V,1D6V - WARWICK,STN,1D6,
1D6W,1D6W - WOONSOCKET,STN,1D6,
1D7,1D7 - SOUTH SHORE,CO,1D,
1D7B,1D7B - PLYMOUTH,STN,1D7,
1D7D,1D7D - NORWOOD,STN,1D7,
1D7E,1D7E - TAUNTON,STN,1D7,
1D7W,1D7W - BROCKTON,STN,1D7,
1E,1E - HARRISBURG,BN,1,
1E1,1E1 - GREENSBURG,CO,1E,
1E1I,1E1I - INDIANA,STN,1E1,
1E1J,1E1J - JOHNSTOWN,STN,1E1,
1E1K,1E1K - GREENSBURG,STN,1E1,
1E1T,1E1T - UNIONTOWN,STN,1E1,
1E2,1E2 - CARLISLE,CO,1E,
1E2B,1E2B - CHAMBERSBURG,STN,1E2,
1E2F,1E2F - MECHANICSBURG,STN,1E2,
1E2H,1E2H - HANOVER,STN,1E2,
1E2V,1E2V - YORK,STN,1E2,
1E3,1E3 - HARRISBURG,CO,1E,
1E3A,1E3A - LANCASTER,STN,1E3,
1E3D,1E3D - HARRISBURG,STN,1E3,
1E3L,1E3L - LEBANON,STN,1E3,
1E3V,1E3V - READING,STN,1E3,
1E4,1E4 - CLARION,CO,1E,
1E4A,1E4A - BRADFORD,STN,1E4,
1E4C,1E4C - CLARION,STN,1E4,
1E4F,1E4F - FRANKLIN,STN,1E4,
1E4S,1E4S - DU BOIS,STN,1E4,
1E5,1E5 - PITTSBURGH,CO,1E,
1E5A,1E5A - PITTS NO HILLS,STN,1E5,
1E5G,1E5G - MONROEVILLE,STN,1E5,
1E5R,1E5R - ROBINSON,STN,1E5,
1E5S,1E5S - SOUTH HILLS,STN,1E5,
1E7,1E7 - STATE COLLEGE,CO,1E,
1E7H,1E7H - SELINGSGROVE,STN,1E7,
1E7J,1E7J - STATE COLLEGE,STN,1E7,
1E7L,1E7L - LEWISTOWN,STN,1E7,
1E7V,1E7V - WILLIAMSPORT,STN,1E7,
1E9,1E9 - LEHIGH VALLEY,CO,1E,
1E9A,1E9A - ALLENTOWN,STN,1E9,
1E9D,1E9D - HAZLETON,STN,1E9,
1E9F,1E9F - BETHLEHEM,STN,1E9,
1E9P,1E9P - POTTSVILLE,STN,1E9,
1G,1G - NEW YORK CTY,BN,1,
1G1,1G1 - BROOKLYN SOUTH,CO,1G,
1G1B,1G1B - SHEEPSHEAD BAY,STN,1G1,
1G1C,1G1C - BAYRIDGE,STN,1G1,
1G1E,1G1E - EAST BROOKLYN,STN,1G1,
1G1F,1G1F - FLATBUSH,STN,1G1,
1G1S,1G1S - SOUTH SHORE,STN,1G1,
1G1T,1G1T - STATEN ISLAND,STN,1G1,
1G2,1G2 - BROOKLYN NORTH,CO,1G,
1G2A,1G2A - DOWNTOWN BROOKLYN,STN,1G2,
1G2C,1G2C - MANHATTAN SOUTH,STN,1G2,
1G2E,1G2E - LONG ISLAND CITY,STN,1G2,
1G2H,1G2H - CROWN HEIGHTS,STN,1G2,
1G2R,1G2R - RIDGEWOOD QUEENS,STN,1G2,
1G2T,1G2T - NY TIMES SQUARE,STN,1G2,
1G4,1G4 - SUFFOLK,CO,1G,
1G4B,1G4B - BAYSHORE,STN,1G4,
1G4M,1G4M - PATCHOGUE,STN,1G4,
1G4P,1G4P - SELDEN,STN,1G4,
1G4Q,1G4Q - SMITHTOWN,STN,1G4,
1G4R,1G4R - RIVERHEAD,STN,1G4,
1G5,1G5 - BRONX,CO,1G,
1G5B,1G5B - WESTCHESTER SQUARE,STN,1G5,
1G5F,1G5F - BRONX FORDHAM RD,STN,1G5,
1G5G,1G5G - NORTH BRONX,STN,1G5,
1G5H,1G5H - NY HARLEM,STN,1G5,
1G5M,1G5M - SOUTH BRONX,STN,1G5,
1G5P,1G5P - WHITE PLAINS,STN,1G5,
1G5W,1G5W - NY WASHINGTON HEIGHTS,STN,1G5,
1G5Y,1G5Y - MOUNT VERNON,STN,1G5,
1G6,1G6 - QUEENS,CO,1G,
1G6E,1G6E - ELMHURST,STN,1G6,
1G6F,1G6F - FLUSHING,STN,1G6,
1G6M,1G6M - JAMAICA,STN,1G6,
1G6P,1G6P - RICHMOND HILL,STN,1G6,
1G7,1G7 - NASSAU,CO,1G,
1G7A,1G7A - FREEPORT,STN,1G7,
1G7B,1G7B - HEMPSTEAD,STN,1G7,
1G7C,1G7C - HICKSVILLE,STN,1G7,
1G7G,1G7G - LYNBROOK,STN,1G7,
1G7U,1G7U - UNIVERSITY GARDENS,STN,1G7,
1K,1K - MID-ATLANTIC,BN,1,
1K2,1K2 - SOUTH JERSEY,CO,1K,
1K2C,1K2C - CHERRY HILL,STN,1K2,
1K2E,1K2E - SICKLERVILLE,STN,1K2,
1K2F,1K2F - NORTHFIELD,STN,1K2,
1K2L,1K2L - VINELAND,STN,1K2,
1K2W,1K2W - WOODBURY,STN,1K2,
1K3,1K3 - VALLEY FORGE,CO,1K,
1K3B,1K3B - WEST CHESTER,STN,1K3,
1K3C,1K3C - LANSDALE,STN,1K3,
1K3H,1K3H - HOLMES,STN,1K3,
1K3K,1K3K - DOYLESTOWN,STN,1K3,
1K3L,1K3L - PLYMOUTH,STN,1K3,
1K3P,1K3P - POTTSTOWN,STN,1K3,
1K4,1K4 - CENTRAL JERSEY,CO,1K,
1K4E,1K4E - FREEHOLD,STN,1K4,
1K4F,1K4F - TINTON FALLS,STN,1K4,
1K4M,1K4M - MEDFORD,STN,1K4,
1K4O,1K4O - WILLINGBORO,STN,1K4,
1K4S,1K4S - TOMS RIVER,STN,1K4,
1K4T,1K4T - EWING,STN,1K4,
1K6,1K6 - PHILADELPHIA METRO,CO,1K,
1K6A,1K6A - UPPER DARBY,STN,1K6,
1K6C,1K6C - COTTMAN AVE,STN,1K6,
1K6E,1K6E - CENTER CITY,STN,1K6,
1K6L,1K6L - LANGHORNE,STN,1K6,
1K6W,1K6W - NORTHEAST PHILADELPHIA,STN,1K6,
1K7,1K7 - NORTH JERSEY,CO,1K,
1K7B,1K7B - EAST BRUNSWICK,STN,1K7,
1K7E,1K7E - ELIZABETH,STN,1K7,
1K7H,1K7H - HACKETTSTOWN,STN,1K7,
1K7M,1K7M - MORRISTOWN NJ,STN,1K7,
1K7N,1K7N - NEWTON,STN,1K7,
1K7P,1K7P - PLAINFIELD,STN,1K7,
1K7S,1K7S - SOMERVILLE,STN,1K7,
1K7V,1K7V - EDISON,STN,1K7,
1K8,1K8 - NEWARK,CO,1K,
1K8H,1K8H - HACKENSACK,STN,1K8,
1K8J,1K8J - JERSEY CITY,STN,1K8,
1K8K,1K8K - NEWARK,STN,1K8,
1K8M,1K8M - BLOOMFIELD,STN,1K8,
1K8N,1K8N - UNION CITY,STN,1K8,
1K8O,1K8O - EAST ORANGE,STN,1K8,
1K8P,1K8P - PATERSON,STN,1K8,
1N,1N - SYRACUSE,BN,1,
1N2,1N2 - SYRACUSE,CO,1N,
1N2C,1N2C - CORTLAND,STN,1N2,
1N2D,1N2D - AUBURN,STN,1N2,
1N2J,1N2J - MATTYDALE,STN,1N2,
1N2O,1N2O - OSWEGO,STN,1N2,
1N3,1N3 - FT DRUM,CO,1N,
1N3P,1N3P - POTSDAM,STN,1N3,
1N3S,1N3S - NEW HARTFORD,STN,1N3,
1N3V,1N3V - WATERTOWN,STN,1N3,
1N4,1N4 - BUFFALO,CO,1N,
1N4A,1N4A - CHEEKTOWAGA,STN,1N4,
1N4L,1N4L - NIAGARA FALLS,STN,1N4,
1N4S,1N4S - WEST SENECA,STN,1N4,
1N4V,1N4V - TONAWANDA,STN,1N4,
1N5,1N5 - SOUTHERN TIER,CO,1N,
1N5E,1N5E - VESTAL,STN,1N5,
1N5J,1N5J - JAMESTOWN,STN,1N5,
1N5R,1N5R - OLEAN,STN,1N5,
1N5T,1N5T - HORSEHEADS,STN,1N5,
1N6,1N6 - ROCHESTER,CO,1N,
1N6B,1N6B - BATAVIA,STN,1N6,
1N6J,1N6J - GREECE,STN,1N6,
1N6V,1N6V - HENRIETTA,STN,1N6,
1N6W,1N6W - WEBSTER,STN,1N6,
1N8,1N8 - WILKES BARRE,CO,1N,
1N8P,1N8P - SCRANTON,STN,1N8,
1N8T,1N8T - TOWANDA,STN,1N8,
1N8V,1N8V - WILKES BARRE,STN,1N8,
1N8X,1N8X - STROUDSBURG,STN,1N8,
1O,1O - RICHMOND,BN,1,
1O1,1O1 - BLACKSBURG,CO,1O,
1O1A,1O1A - PRINCETON,STN,1O1,
1O1B,1O1B - BECKLEY,STN,1O1,
1O1D,1O1D - WYTHEVILLE,STN,1O1,
1O1H,1O1H - MARTINSVILLE,STN,1O1,
1O1I,1O1I - CHRISTIANSBURG,STN,1O1,
1O1J,1O1J - ROANOKE,STN,1O1,
1O4,1O4 - LYNCHBURG,CO,1O,
1O4A,1O4A - LYNCHBURG,STN,1O4,
1O4B,1O4B - STAUNTON,STN,1O4,
1O4C,1O4C - DANVILLE,STN,1O4,
1O4H,1O4H - HARRISONBURG,STN,1O4,
1O4K,1O4K - CHARLOTTESVILLE,STN,1O4,
1O5,1O5 - RICHMOND,CO,1O,
1O5A,1O5A - RICHMOND EAST,STN,1O5,
1O5B,1O5B - RICHMOND WEST,STN,1O5,
1O5D,1O5D - COLONIAL HEIGHTS,STN,1O5,
1O5E,1O5E - RCHMND CHSTRFLD,STN,1O5,
1O5F,1O5F - IRONBRIDGE,STN,1O5,
1O5H,1O5H - MECHANICSVILLE,STN,1O5,
1O6,1O6 - BRIDGEPORT,CO,1O,
1O6D,1O6D - CLARKSBURG,STN,1O6,
1O6F,1O6F - LAVALE,STN,1O6,
1O6S,1O6S - MORGANTOWN,STN,1O6,
1O6W,1O6W - WHEELING,STN,1O6,
1O8,1O8 - JAMES RIVER,CO,1O,
1O8B,1O8B - SUFFOLK,STN,1O8,
1O8D,1O8D - DENBIGH,STN,1O8,
1O8G,1O8G - NEWPORT NEWS,STN,1O8,
1O8W,1O8W - WILLIAMSBURG,STN,1O8,
1O9,1O9 - NORFOLK,CO,1O,
1O9A,1O9A - LYNNHAVEN,STN,1O9,
1O9B,1O9B - LANDSTOWN,STN,1O9,
1O9C,1O9C - CHESAPEAKE,STN,1O9,
1O9E,1O9E - NORFOLK,STN,1O9,
1O9H,1O9H - PORTSMOUTH,STN,1O9,
1O9J,1O9J - VIRGINIA BEACH,STN,1O9,
1O9N,1O9N - LITTLE CREEK,STN,1O9,
3,2ND BDE,BDE,USAREC,
3A,3A - ATLANTA,BN,3,
3A2,3A2 - ATLANTA,CO,3A,
3A2B,3A2B - JONESBORO,STN,3A2,
3A2D,3A2D - ATLANTA WEST,STN,3A2,
3A2E,3A2E - MIDTOWN,STN,3A2,
3A2M,3A2M - STONE MOUNTAIN,STN,3A2,
3A2P,3A2P - DULUTH,STN,3A2,
3A2S,3A2S - TUCKER,STN,3A2,
3A2T,3A2T - ROSWELL,STN,3A2,
3A3,3A3 - ATHENS,CO,3A,
3A3A,3A3A - TOCCOA,STN,3A3,
3A3B,3A3B - COMMERCE,STN,3A3,
3A3D,3A3D - ATHENS GA,STN,3A3,
3A3G,3A3G - LAWRENCEVILLE,STN,3A3,
3A3K,3A3K - GAINESVILLE - S,STN,3A3,
3A3U,3A3U - BUFORD,STN,3A3,
3A3W,3A3W - CUMMING,STN,3A3,
3A5,3A5 - MARIETTA,CO,3A,
3A5A,3A5A - WOODSTOCK,STN,3A5,
3A5B,3A5B - ROME,STN,3A5,
3A5C,3A5C - HIRAM,STN,3A5,
3A5G,3A5G - SMYRNA,STN,3A5,
3A5J,3A5J - DOUGLASVILLE,STN,3A5,
3A5R,3A5R - KENNSAW,STN,3A5,
3A5U,3A5U - CARTERSVILLE,STN,3A5,
3A6,3A6 - PEACHTREE CITY,CO,3A,
3A6A,3A6A - CONYERS,STN,3A6,
3A6B,3A6B - CARROLLTON,STN,3A6,
3A6D,3A6D - GRIFFIN,STN,3A6,
3A6L,3A6L - LA GRANGE,STN,3A6,
3A6N,3A6N - NEWNAN,STN,3A6,
3A6S,3A6S - MCDONOUGH,STN,3A6,
3A7,3A7 - CHATTANOOGA,CO,3A,
3A7B,3A7B - HIXSON,STN,3A7,
3A7C,3A7C - CHATTANOOGA EAST,STN,3A7,
3A7E,3A7E - CLEVELAND,STN,3A7,
3A7F,3A7F - MANCHESTER,STN,3A7,
3A7G,3A7G - BLUE RIDGE,STN,3A7,
3A7H,3A7H - DALTON,STN,3A7,
3A9,3A9 - WARNER ROBINS,CO,3A,
3A9A,3A9A - DUBLIN,STN,3A9,
3A9B,3A9B - MILLEDGEVILLE,STN,3A9,
3A9C,3A9C - MACON,STN,3A9,
3A9D,3A9D - COLUMBUS WEST,STN,3A9,
3A9F,3A9F - WARNER ROBINS,STN,3A9,
3D,3D - COLUMBIA,BN,3,
3D1,3D1 - AUGUSTA,CO,3D,
3D1A,3D1A - AUGUSTA,STN,3D1,
3D1B,3D1B - EVANS,STN,3D1,
3D1C,3D1C - GREENWOOD,STN,3D1,
3D1K,3D1K - AIKEN,STN,3D1,
3D1O,3D1O - ORANGEBURG,STN,3D1,
3D2,3D2 - COLUMBIA SC,CO,3D,
3D2A,3D2A - DENTSVILLE,STN,3D2,
3D2B,3D2B - IRMO,STN,3D2,
3D2C,3D2C - LEXINGTON,STN,3D2,
3D2E,3D2E - SANDHILL,STN,3D2,
3D2N,3D2N - ROCK HILL,STN,3D2,
3D2R,3D2R - COLUMBIA,STN,3D2,
3D4,3D4 - GREENVILLE SC,CO,3D,
3D4A,3D4A - CLEMSON,STN,3D4,
3D4B,3D4B - EASLEY,STN,3D4,
3D4C,3D4C - SIMPSONVILLE,STN,3D4,
3D4D,3D4D - ANDERSON,STN,3D4,
3D4K,3D4K - GREENVILLE,STN,3D4,
3D4V,3D4V - SPARTANBURG,STN,3D4,
3D6,3D6 - ASHEVILLE,CO,3D,
3D6A,3D6A - SYLVA,STN,3D6,
3D6B,3D6B - HENDERSONVILLE,STN,3D6,
3D6C,3D6C - ASHEVILLE,STN,3D6,
3D6D,3D6D - MORGANTON,STN,3D6,
3D6E,3D6E - HICKORY,STN,3D6,
3D6W,3D6W - SHELBY,STN,3D6,
3D7,3D7 - FLORENCE,CO,3D,
3D7A,3D7A - GEORGETOWN,STN,3D7,
3D7F,3D7F - FLORENCE,STN,3D7,
3D7M,3D7M - MYRTLE BEACH,STN,3D7,
3D7S,3D7S - SUMTER,STN,3D7,
3D9,3D9 - CHARLESTON,CO,3D,
3D9A,3D9A - NO CHARLESTON,STN,3D9,
3D9B,3D9B - WEST ASHLEY,STN,3D9,
3D9C,3D9C - SUMMERVILLE,STN,3D9,
3D9D,3D9D - BEAUFORT,STN,3D9,
3E,3E - JACKSONVILLE,BN,3,
3E1,3E1 - JACKSONVILLE,CO,3E,
3E1A,3E1A - JACKSONVILLE WEST,STN,3E1,
3E1B,3E1B - MANDARIN,STN,3E1,
3E1G,3E1G - JACKSONVL NO,STN,3E1,
3E1H,3E1H - ORANGE PARK,STN,3E1,
3E1P,3E1P - JACKSONVL SO,STN,3E1,
3E3,3E3 - GAINESVILLE,CO,3E,
3E3F,3E3F - LAKE CITY,STN,3E3,
3E3L,3E3L - TALLAHASSEE WEST,STN,3E3,
3E3M,3E3M - TALLAHASSEE EAST,STN,3E3,
3E3R,3E3R - OCALA,STN,3E3,
3E3U,3E3U - GAINESVILLE,STN,3E3,
3E4,3E4 - SAVANNAH,CO,3E,
3E4A,3E4A - VIDALIA,STN,3E4,
3E4B,3E4B - BRUNSWICK,STN,3E4,
3E4E,3E4E - STATESBORO,STN,3E4,
3E4G,3E4G - HINESVILLE,STN,3E4,
3E4K,3E4K - POOLER,STN,3E4,
3E5,3E5 - VALDOSTA,CO,3E,
3E5A,3E5A - ALBANY,STN,3E5,
3E5C,3E5C - WAYCROSS,STN,3E5,
3E5D,3E5D - THOMASVILLE,STN,3E5,
3E5N,3E5N - VALDOSTA,STN,3E5,
3E5S,3E5S - TIFTON,STN,3E5,
3E9,3E9 - DAYTONA,CO,3E,
3E9A,3E9A - PALATKA,STN,3E9,
3E9B,3E9B - DAYTONA BEACH,STN,3E9,
3E9C,3E9C - ST AUGUSTINE,STN,3E9,
3E9D,3E9D - ORANGE CITY,STN,3E9,
3G,3G - MIAMI,BN,3,
3G1,3G1 - MIAMI,CO,3G,
3G1D,3G1D - HOMESTEAD,STN,3G1,
3G1E,3G1E - MIAMI-KENDALL,STN,3G1,
3G1G,3G1G - PERRINE,STN,3G1,
3G1N,3G1N - NORTH MIAMI BEACH,STN,3G1,
3G1P,3G1P - HIALEAH,STN,3G1,
3G1R,3G1R - MIAMI-DOWNTOWN,STN,3G1,
3G1S,3G1S - MIAMI SOUTH,STN,3G1,
3G3,3G3 - FT LAUDERDALE,CO,3G,
3G3A,3G3A - CENTRAL PARK,STN,3G3,
3G3F,3G3F - MARGATE,STN,3G3,
3G3M,3G3M - LAUDERHILL,STN,3G3,
3G3S,3G3S - HOLLYWOOD,STN,3G3,
3G3T,3G3T - PEMBROKE PINES,STN,3G3,
3G5,3G5 - JUPITER,CO,3G,
3G5B,3G5B - JUPITER,STN,3G5,
3G5C,3G5C - STUART,STN,3G5,
3G5D,3G5D - DELRAY BEACH,STN,3G5,
3G5E,3G5E - PORT ST LUCIE,STN,3G5,
3G5F,3G5F - ROYAL PALM,STN,3G5,
3G5V,3G5V - VERO BEACH,STN,3G5,
3G5W,3G5W - LAKE WORTH,STN,3G5,
3G6,3G6 - SAN JUAN,CO,3G,
3G6C,3G6C - CAGUAS,STN,3G6,
3G6D,3G6D - BAYAMON,STN,3G6,
3G6E,3G6E - CAROLINA,STN,3G6,
3G6G,3G6G - CAYEY,STN,3G6,
3G6H,3G6H - HUMACAO,STN,3G6,
3G6J,3G6J - FAJARDO,STN,3G6,
3G6M,3G6M - RIO PIEDRAS,STN,3G6,
3G7,3G7 - AGUADILLA,CO,3G,
3G7A,3G7A - HATILLO,STN,3G7,
3G7G,3G7G - AGUADILLA,STN,3G7,
3G7M,3G7M - MAYAGUEZ,STN,3G7,
3G7P,3G7P - PONCE,STN,3G7,
3G7R,3G7R - BARCELONETA,STN,3G7,
3G7S,3G7S - ST THOMAS,STN,3G7,
3G7T,3G7T - ST.CROIX,STN,3G7,
3G7V,3G7V - SAN GERMAN,STN,3G7,
3H,3H - MONTGOMERY,BN,3,
3H1,3H1 - BIRMINGHAM,CO,3H,
3H1C,3H1C - HOOVER,STN,3H1,
3H1D,3H1D - OXFORD,STN,3H1,
3H1E,3H1E - TALLADEGA,STN,3H1,
3H1K,3H1K - TUSCALOOSA,STN,3H1,
3H1M,3H1M - ALABASTER,STN,3H1,
3H1N,3H1N - EASTWOOD,STN,3H1,
3H1R,3H1R - JASPER,STN,3H1,
3H1T,3H1T - BESSEMER,STN,3H1,
3H2,3H2 - DOTHAN,CO,3H,
3H2C,3H2C - CRESTVIEW,STN,3H2,
3H2D,3H2D - ANDALUSIA,STN,3H2,
3H2F,3H2F - DOTHAN,STN,3H2,
3H2J,3H2J - ENTERPRISE,STN,3H2,
3H2N,3H2N - PANAMA CITY,STN,3H2,
3H2S,3H2S - MARIANNA,STN,3H2,
3H2W,3H2W - FT WALTON,STN,3H2,
3H4,3H4 - MOBILE,CO,3H,
3H4A,3H4A - PACE,STN,3H4,
3H4C,3H4C - PENSACOLA,STN,3H4,
3H4E,3H4E - MOBILE,STN,3H4,
3H4H,3H4H - MONROEVILLE,STN,3H4,
3H4W,3H4W - SPANISH FORT,STN,3H4,
3H5,3H5 - MONTGOMERY,CO,3H,
3H5E,3H5E - PRATTVILLE,STN,3H5,
3H5K,3H5K - MONTGOMERY,STN,3H5,
3H5N,3H5N - AUBURN,STN,3H5,
3H5R,3H5R - SELMA,STN,3H5,
3H6,3H6 - HUNTSVILLE,CO,3H,
3H6G,3H6G - FORT PAYNE,STN,3H6,
3H6K,3H6K - DECATUR,STN,3H6,
3H6L,3H6L - CULLMAN,STN,3H6,
3H6M,3H6M - GUNTERSVILLE,STN,3H6,
3H6N,3H6N - SHOALS,STN,3H6,
3H6O,3H6O - RAINBOW CITY,STN,3H6,
3H6T,3H6T - HUNTSVILLE,STN,3H6,
3H6V,3H6V - HUNTSVILLE-MADISON,STN,3H6,
3J,3J - RALEIGH,BN,3,
3J1,3J1 - FAYETTEVILLE,CO,3J,
3J1B,3J1B - HOPE MILLS,STN,3J1,
3J1C,3J1C - SPRING LAKE,STN,3J1,
3J1G,3J1G - FAYETTEVILLE,STN,3J1,
3J1K,3J1K - LUMBERTON,STN,3J1,
3J1M,3J1M - SANFORD,STN,3J1,
3J1R,3J1R - ABERDEEN,STN,3J1,
3J2,3J2 - GREENVILLE NC,CO,3J,
3J2E,3J2E - ELIZABETH CITY,STN,3J2,
3J2G,3J2G - GOLDSBORO,STN,3J2,
3J2J,3J2J - GREENVILLE,STN,3J2,
3J2S,3J2S - SMITHFIELD,STN,3J2,
3J2W,3J2W - ROCKY MOUNT,STN,3J2,
3J3,3J3 - RALEIGH,CO,3J,
3J3B,3J3B - BURLINGTON NC,STN,3J3,
3J3C,3J3C - GARNER,STN,3J3,
3J3F,3J3F - DURHAM,STN,3J3,
3J3G,3J3G - CARY,STN,3J3,
3J3H,3J3H - WAKE FOREST,STN,3J3,
3J3M,3J3M - RALEIGH MAIN,STN,3J3,
3J3V,3J3V - CHAPEL HILL,STN,3J3,
3J5,3J5 - WINSTON SALEM,CO,3J,
3J5A,3J5A - MOUNT AIRY,STN,3J5,
3J5C,3J5C - REIDSVILLE,STN,3J5,
3J5D,3J5D - GREENSBORO,STN,3J5,
3J5E,3J5E - ASHEBORO,STN,3J5,
3J5H,3J5H - THOMASVILLE,STN,3J5,
3J5V,3J5V - WINSTON SALEM,STN,3J5,
3J5W,3J5W - WILKESBORO,STN,3J5,
3J6,3J6 - WILMINGTON NC,CO,3J,
3J6D,3J6D - CLINTON,STN,3J6,
3J6H,3J6H - HAVELOCK,STN,3J6,
3J6J,3J6J - JACKSONVILLE,STN,3J6,
3J6N,3J6N - NEW BERN,STN,3J6,
3J6P,3J6P - KINSTON,STN,3J6,
3J6W,3J6W - WILMINGTON NC,STN,3J6,
3J9,3J9 - CHARLOTTE,CO,3J,
3J9A,3J9A - KANNAPOLIS,STN,3J9,
3J9B,3J9B - EAST TOWN,STN,3J9,
3J9C,3J9C - GASTONIA,STN,3J9,
3J9H,3J9H - HUNTERSVILLE,STN,3J9,
3J9M,3J9M - MONROE,STN,3J9,
3J9P,3J9P - SOUTH PARK,STN,3J9,
3J9S,3J9S - SALISBURY,STN,3J9,
3J9V,3J9V - STATESVILLE,STN,3J9,
3N,3N - TAMPA,BN,3,
3N2,3N2 - SARASOTA,CO,3N,
3N2B,3N2B - BRADENTON,STN,3N2,
3N2H,3N2H - FORT MYERS,STN,3N2,
3N2L,3N2L - LEHIGH ACRES,STN,3N2,
3N2N,3N2N - NAPLES,STN,3N2,
3N2P,3N2P - PORT CHARLOTTE,STN,3N2,
3N2R,3N2R - SARASOTA,STN,3N2,
3N3,3N3 - ORLANDO,CO,3N,
3N3E,3N3E - LEESBURG,STN,3N3,
3N3G,3N3G - OCOEE,STN,3N3,
3N3P,3N3P - ORLANDO COLONIAL,STN,3N3,
3N3R,3N3R - WINTER SPRINGS,STN,3N3,
3N3S,3N3S - ALTAMONTE SPRINGS,STN,3N3,
3N3W,3N3W - ORLANDO UNIVERSITY,STN,3N3,
3N4,3N4 - TAMPA,CO,3N,
3N4B,3N4B - BRANDON,STN,3N4,
3N4D,3N4D - TAMPA CENTRAL,STN,3N4,
3N4E,3N4E - WESLEY CHAPEL,STN,3N4,
3N4F,3N4F - TAMPA NORTH,STN,3N4,
3N4P,3N4P - PLANT CITY,STN,3N4,
3N5,3N5 - CENTRAL FLORIDA,CO,3N,
3N5B,3N5B - ROCKLEDGE,STN,3N5,
3N5H,3N5H - LAKELAND,STN,3N5,
3N5M,3N5M - MELBOURNE,STN,3N5,
3N5O,3N5O - KISSIMMEE,STN,3N5,
3N5W,3N5W - WINTER HAVEN,STN,3N5,
3N6,3N6 - ST PETERSBURG,CO,3N,
3N6B,3N6B - BROOKSVILLE,STN,3N6,
3N6D,3N6D - CLEARWATER,STN,3N6,
3N6J,3N6J - INVERNESS,STN,3N6,
3N6L,3N6L - LARGO,STN,3N6,
3N6P,3N6P - PORT RICHEY,STN,3N6,
3N6T,3N6T - ST PETERSBURG,STN,3N6,
3T,3T - BATON ROUGE,BN,3,
3T1,3T1 - TUPELO,CO,3T,
3T1C,3T1C - COLUMBUS,STN,3T1,
3T1J,3T1J - JACKSON TN,STN,3T1,
3T1K,3T1K - CORINTH,STN,3T1,
3T1M,3T1M - MARTIN,STN,3T1,
3T1O,3T1O - OXFORD,STN,3T1,
3T1T,3T1T - TUPELO,STN,3T1,
3T2,3T2 - JACKSON MS,CO,3T,
3T2B,3T2B - LAKELAND,STN,3T2,
3T2F,3T2F - GREENVILLE,STN,3T2,
3T2G,3T2G - GREENWOOD,STN,3T2,
3T2M,3T2M - JACKSON METRO CT,STN,3T2,
3T2N,3T2N - NATCHEZ,STN,3T2,
3T2P,3T2P - PHILADELPHIA,STN,3T2,
3T4,3T4 - MEMPHIS,CO,3T,
3T4A,3T4A - MILLINGTON,STN,3T4,
3T4L,3T4L - CORDOVA,STN,3T4,
3T4M,3T4M - BARTLETT,STN,3T4,
3T4N,3T4N - MEMPHIS MIDTOWN,STN,3T4,
3T4R,3T4R - SOUTHAVEN,STN,3T4,
3T5,3T5 - BATON ROUGE,CO,3T,
3T5C,3T5C - CORTANA,STN,3T5,
3T5D,3T5D - DENHAM SPRINGS,STN,3T5,
3T5G,3T5G - GONZALES,STN,3T5,
3T5H,3T5H - HAMMOND,STN,3T5,
3T5R,3T5R - BLUEBONNET,STN,3T5,
3T6,3T6 - NEW ORLEANS,CO,3T,
3T6C,3T6C - MANDEVILLE,STN,3T6,
3T6G,3T6G - GRETNA,STN,3T6,
3T6H,3T6H - HOUMA,STN,3T6,
3T6M,3T6M - METAIRIE,STN,3T6,
3T6N,3T6N - NEW ORLEANS DT,STN,3T6,
3T6S,3T6S - SLIDELL,STN,3T6,
3T7,3T7 - HATTIESBURG,CO,3T,
3T7A,3T7A - HATTIESBURG,STN,3T7,
3T7B,3T7B - LAUREL,STN,3T7,
3T7C,3T7C - MCCOMB,STN,3T7,
3T7F,3T7F - GULFPORT,STN,3T7,
3T7M,3T7M - MERIDIAN,STN,3T7,
3T7P,3T7P - GAUTIER,STN,3T7,
3T8,3T8 - LAFAYETTE,CO,3T,
3T8B,3T8B - LAKE CHARLES,STN,3T8,
3T8D,3T8D - DERIDDER,STN,3T8,
3T8L,3T8L - LAFAYETTE,STN,3T8,
3T8M,3T8M - OPELOUSAS,STN,3T8,
3T8N,3T8N - NEW IBERIA,STN,3T8,
3T9,3T9 - SHREVEPORT,CO,3T,
3T9A,3T9A - NATCHITOCHES,STN,3T9,
3T9B,3T9B - BOSSIER CITY,STN,3T9,
3T9C,3T9C - ALEXANDRIA,STN,3T9,
3T9M,3T9M - MONROE,STN,3T9,
3T9R,3T9R - RUSTON,STN,3T9,
3T9S,3T9S - SHREVEPORT SOUTH,STN,3T9,
5,3RD BDE,BDE,USAREC,
5A,5A - CHICAGO,BN,5,
5A2,5A2 - HOMEWOOD,CO,5A,
5A2C,5A2C - OAK LAWN,STN,5A2,
5A2G,5A2G - SCHERERVILLE,STN,5A2,
5A2K,5A2K - BOURBONNAIS,STN,5A2,
5A2P,5A2P - CHI HEIGHTS,STN,5A2,
5A2R,5A2R - ORLAND PARK,STN,5A2,
5A3,5A3 - CHICAGO,CO,5A,
5A3A,5A3A - CHICAGO NORTH SIDE,STN,5A3,
5A3B,5A3B - CHICAGO MIDTOWN,STN,5A3,
5A3C,5A3C - NORTH CLYBOURN,STN,5A3,
5A3D,5A3D - SOUTH SHORE CHICAGO,STN,5A3,
5A3N,5A3N - CHICAGO SOUTH SIDE,STN,5A3,
5A3R,5A3R - WEST ROOSEVELT,STN,5A3,
5A4,5A4 - GLENVIEW,CO,5A,
5A4E,5A4E - EVANSTON,STN,5A4,
5A4M,5A4M - MELROSE PARK,STN,5A4,
5A4N,5A4N - NORTH RIVERSIDE,STN,5A4,
5A4U,5A4U - MT PROSPECT,STN,5A4,
5A6,5A6 - LIBERTYVILLE,CO,5A,
5A6C,5A6C - CRYSTAL LAKE,STN,5A6,
5A6H,5A6H - CARPENTERSVILLE,STN,5A6,
5A6R,5A6R - ROUND LAKE BEACH,STN,5A6,
5A6S,5A6S - SCHAUMBURG,STN,5A6,
5A6V,5A6V - WAUKEGAN,STN,5A6,
5A7,5A7 - SOUTH BEND,CO,5A,
5A7A,5A7A - MERRILLVILLE,STN,5A7,
5A7B,5A7B - ELKHART,STN,5A7,
5A7D,5A7D - VALPARAISO,STN,5A7,
5A7E,5A7E - MISHAWAKA,STN,5A7,
5A7W,5A7W - WARSAW,STN,5A7,
5A8,5A8 - DOWNERS GROVE,CO,5A,
5A8A,5A8A - AURORA,STN,5A8,
5A8D,5A8D - DOWNERS GROVE,STN,5A8,
5A8G,5A8G - GLENDALE HEIGHTS,STN,5A8,
5A8J,5A8J - CREST HILL,STN,5A8,
5C,5C - CLEVELAND,BN,5,
5C1,5C1 - MEDINA,CO,5C,
5C1E,5C1E - ELYRIA,STN,5C1,
5C1J,5C1J - CUYAHOGA FALLS,STN,5C1,
5C1M,5C1M - BARBERTON,STN,5C1,
5C1N,5C1N - MEDINA,STN,5C1,
5C2,5C2 - CLEVELAND METRO,CO,5C,
5C2A,5C2A - ASHTABULA,STN,5C2,
5C2B,5C2B - LAKEWOOD,STN,5C2,
5C2F,5C2F - MENTOR,STN,5C2,
5C2G,5C2G - CLEVELAND HEIGHTS,STN,5C2,
5C2V,5C2V - MAPLE HEIGHTS,STN,5C2,
5C2W,5C2W - PARMA,STN,5C2,
5C3,5C3 - NEW CASTLE,CO,5C,
5C3B,5C3B - BEAVER VALLEY,STN,5C3,
5C3C,5C3C - NEW CASTLE,STN,5C3,
5C3H,5C3H - MEADVILLE,STN,5C3,
5C3N,5C3N - ERIE-M,STN,5C3,
5C3V,5C3V - HERMITAGE,STN,5C3,
5C4,5C4 - CANTON,CO,5C,
5C4A,5C4A - STEUBENVILLE,STN,5C4,
5C4J,5C4J - CANTON,STN,5C4,
5C4U,5C4U - NEW PHILADELPHIA,STN,5C4,
5C4W,5C4W - WOOSTER,STN,5C4,
5C5,5C5 - MARION,CO,5C,
5C5B,5C5B - BELLEFONTAINE,STN,5C5,
5C5F,5C5F - FINDLAY,STN,5C5,
5C5L,5C5L - LIMA,STN,5C5,
5C5M,5C5M - MANSFIELD,STN,5C5,
5C5P,5C5P - TROY,STN,5C5,
5C6,5C6 - TOLEDO,CO,5C,
5C6A,5C6A - NORWALK,STN,5C6,
5C6B,5C6B - BOWLING GREEN,STN,5C6,
5C6F,5C6F - DEFIANCE,STN,5C6,
5C6I,5C6I - FREMONT,STN,5C6,
5C6T,5C6T - TOLEDO WEST,STN,5C6,
5C7,5C7 - WARREN,CO,5C,
5C7B,5C7B - BOARDMAN,STN,5C7,
5C7C,5C7C - CALCUTTA,STN,5C7,
5C7D,5C7D - ALLIANCE,STN,5C7,
5C7H,5C7H - KENT,STN,5C7,
5C7R,5C7R - WARREN,STN,5C7,
5D,5D - COLUMBUS,BN,5,
5D2,5D2 - COLUMBUS,CO,5D,
5D2D,5D2D - DELAWARE,STN,5D2,
5D2P,5D2P - DUBLIN,STN,5D2,
5D2R,5D2R - COLUMBUS WEST,STN,5D2,
5D2S,5D2S - GROVE CITY,STN,5D2,
5D2T,5D2T - WESTERVILLE,STN,5D2,
5D2W,5D2W - COLUMBUS EAST,STN,5D2,
5D3,5D3 - BARBOURSVILLE,CO,5D,
5D3A,5D3A - ASHLAND,STN,5D3,
5D3D,5D3D - HUNTINGTON WV,STN,5D3,
5D3E,5D3E - CHARLESTON S.,STN,5D3,
5D3G,5D3G - GALLIPOLIS,STN,5D3,
5D3L,5D3L - PARKERSBURG,STN,5D3,
5D3P,5D3P - PORTSMOUTH,STN,5D3,
5D4,5D4 - LANCASTER,CO,5D,
5D4C,5D4C - CHILLICOTHE,STN,5D4,
5D4D,5D4D - ATHENS,STN,5D4,
5D4H,5D4H - ZANESVILLE,STN,5D4,
5D4L,5D4L - LANCASTER,STN,5D4,
5D4N,5D4N - NEWARK,STN,5D4,
5D6,5D6 - DAYTON,CO,5D,
5D6B,5D6B - SPRINGFIELD,STN,5D6,
5D6F,5D6F - KETTERING,STN,5D6,
5D6N,5D6N - HUBER HEIGHTS,STN,5D6,
5D6W,5D6W - DAYTON-MAIN,STN,5D6,
5D6X,5D6X - XENIA,STN,5D6,
5D7,5D7 - CIN METRO,CO,5D,
5D7E,5D7E - EASTGATE,STN,5D7,
5D7F,5D7F - FLORENCE,STN,5D7,
5D7K,5D7K - CIN WESTERN HILLS,STN,5D7,
5D7R,5D7R - COLERAIN,STN,5D7,
5D7V,5D7V - RIDGE-M,STN,5D7,
5D8,5D8 - MIAMI VALLEY,CO,5D,
5D8A,5D8A - HAMILTON,STN,5D8,
5D8B,5D8B - MIDDLETOWN,STN,5D8,
5D8M,5D8M - HILLSBORO,STN,5D8,
5D8P,5D8P - MASON,STN,5D8,
5D8W,5D8W - WEST CHESTER,STN,5D8,
5H,5H - INDIANAPOLIS,BN,5,
5H1,5H1 - EVANSVILLE,CO,5H,
5H1D,5H1D - BLOOMINGTON IN,STN,5H1,
5H1E,5H1E - EVANSVILLE NORTH,STN,5H1,
5H1T,5H1T - TERRE HAUTE,STN,5H1,
5H1V,5H1V - VINCENNES,STN,5H1,
5H2,5H2 - FT WAYNE,CO,5H,
5H2D,5H2D - FT WAYNE NORTH,STN,5H2,
5H2G,5H2G - FT WAYNE STH,STN,5H2,
5H2K,5H2K - KOKOMO,STN,5H2,
5H2M,5H2M - MARION,STN,5H2,
5H2V,5H2V - MUNCIE,STN,5H2,
5H3,5H3 - FAIRVIEW HEIGHTS,CO,5H,
5H3A,5H3A - COLLINSVILLE,STN,5H3,
5H3B,5H3B - FAIRVIEW HEIGHTS,STN,5H3,
5H3J,5H3J - ALTON,STN,5H3,
5H3V,5H3V - MT VERNON,STN,5H3,
5H4,5H4 - SPRINGFIELD,CO,5H,
5H4D,5H4D - DECATUR,STN,5H4,
5H4F,5H4F - EFFINGHAM,STN,5H4,
5H4P,5H4P - DIRKSEN PARKWAY,STN,5H4,
5H4Q,5H4Q - QUINCY,STN,5H4,
5H4R,5H4R - SPRINGFIELD,STN,5H4,
5H5,5H5 - INDY METRO NORTH,CO,5H,
5H5D,5H5D - ANDERSON,STN,5H5,
5H5F,5H5F - LAFAYETTE SOUTH,STN,5H5,
5H5L,5H5L - INDY NORTH,STN,5H5,
5H5M,5H5M - NOBLESVILLE,STN,5H5,
5H5P,5H5P - INDY WEST,STN,5H5,
5H8,5H8 - INDY METRO SOUTH,CO,5H,
5H8A,5H8A - AURORA,STN,5H8,
5H8I,5H8I - INDY EAST,STN,5H8,
5H8R,5H8R - RICHMOND,STN,5H8,
5H8S,5H8S - SHELBYVILLE,STN,5H8,
5H8T,5H8T - INDY SOUTH,STN,5H8,
5H9,5H9 - CENTRAL ILLINOIS,CO,5H,
5H9A,5H9A - DANVILLE,STN,5H9,
5H9D,5H9D - NORMAL,STN,5H9,
5H9E,5H9E - PEORIA,STN,5H9,
5H9G,5H9G - GALESBURG,STN,5H9,
5H9K,5H9K - CHAMPAIGN,STN,5H9,
5I,5I - GREAT LAKES,BN,5,
5I1,5I1 - BATTLE CREEK,CO,5I,
5I1D,5I1D - BATTLE CREEK,STN,5I1,
5I1K,5I1K - KALAMAZOO,STN,5I1,
5I1S,5I1S - BENTON HARBOR,STN,5I1,
5I2,5I2 - BAY CITY,CO,5I,
5I2B,5I2B - PETOSKEY,STN,5I2,
5I2C,5I2C - ALPENA,STN,5I2,
5I2E,5I2E - WEST BRANCH,STN,5I2,
5I2H,5I2H - BAY CITY,STN,5I2,
5I2P,5I2P - MT PLEASANT,STN,5I2,
5I2R,5I2R - SAGINAW,STN,5I2,
5I4,5I4 - GRAND RAPIDS,CO,5I,
5I4B,5I4B - BIG RAPIDS,STN,5I4,
5I4D,5I4D - GREENVILLE,STN,5I4,
5I4H,5I4H - TRAVERSE CITY,STN,5I4,
5I4J,5I4J - GRAND RAPIDS,STN,5I4,
5I4P,5I4P - WYOMING,STN,5I4,
5I4V,5I4V - MUSKEGON,STN,5I4,
5I5,5I5 - LANSING,CO,5I,
5I5A,5I5A - ANN ARBOR,STN,5I5,
5I5B,5I5B - HOWELL,STN,5I5,
5I5H,5I5H - JACKSON,STN,5I5,
5I5V,5I5V - LANSING,STN,5I5,
5I7,5I7 - PONTIAC,CO,5I,
5I7B,5I7B - FLINT,STN,5I7,
5I7D,5I7D - AUBURN HILLS,STN,5I7,
5I7E,5I7E - MADISON HEIGHTS,STN,5I7,
5I7F,5I7F - WHITE LAKE,STN,5I7,
5I8,5I8 - MT CLEMENS,CO,5I,
5I8A,5I8A - EASTPOINTE,STN,5I8,
5I8D,5I8D - MT CLEMENS,STN,5I8,
5I9,5I9 - DEARBORN,CO,5I,
5I9B,5I9B - MONROE,STN,5I9,
5I9C,5I9C - LIVONIA NORTH,STN,5I9,
5I9D,5I9D - SOUTHGATE,STN,5I9,
5I9E,5I9E - WESTLAND,STN,5I9,
5J,5J - MILWAUKEE,BN,5,
5J1,5J1 - APPLETON,CO,5J,
5J1D,5J1D - APPLETON,STN,5J1,
5J1F,5J1F - FOND DU LAC,STN,5J1,
5J1H,5J1H - GREEN BAY,STN,5J1,
5J1M,5J1M - MARINETTE,STN,5J1,
5J1V,5J1V - SHEBOYGAN,STN,5J1,
5J1W,5J1W - WEST BEND,STN,5J1,
5J2,5J2 - FORT MCCOY,CO,5J,
5J2D,5J2D - EAU CLAIRE,STN,5J2,
5J2G,5J2G - WAUSAU,STN,5J2,
5J2O,5J2O - ONALASKA,STN,5J2,
5J2P,5J2P - PLOVER,STN,5J2,
5J3,5J3 - LOVES PARK,CO,5J,
5J3D,5J3D - DIXON,STN,5J3,
5J3E,5J3E - ROCKFORD EAST,STN,5J3,
5J3L,5J3L - PERU,STN,5J3,
5J3T,5J3T - DE KALB,STN,5J3,
5J4,5J4 - IRON MOUNTAIN,CO,5J,
5J4A,5J4A - IRONWOOD,STN,5J4,
5J4B,5J4B - RICE LAKE,STN,5J4,
5J4D,5J4D - ESCANABA,STN,5J4,
5J4G,5J4G - HOUGHTON,STN,5J4,
5J4I,5J4I - IRON MOUNTAIN,STN,5J4,
5J4S,5J4S - SAULT STE MARIE,STN,5J4,
5J4T,5J4T - RHINELANDER,STN,5J4,
5J4V,5J4V - MARQUETTE,STN,5J4,
5J5,5J5 - MADISON,CO,5J,
5J5B,5J5B - BARABOO,STN,5J5,
5J5C,5J5C - MADISON WEST,STN,5J5,
5J5H,5J5H - MADISON EAST,STN,5J5,
5J5J,5J5J - JANESVILLE,STN,5J5,
5J5R,5J5R - BURLINGTON,STN,5J5,
5J5W,5J5W - WATERTOWN,STN,5J5,
5J6,5J6 - MILWAUKEE,CO,5J,
5J6E,5J6E - MENOMONEE FALLS,STN,5J6,
5J6F,5J6F - GREENFIELD,STN,5J6,
5J6K,5J6K - WAUKESHA,STN,5J6,
5J6M,5J6M - MILWAUKEE,STN,5J6,
5J6O,5J6O - KENOSHA,STN,5J6,
5J6R,5J6R - RACINE,STN,5J6,
5K,5K - MINNEAPOLIS,BN,5,
5K1,5K1 - ST PAUL,CO,5K,
5K1C,5K1C - CAMBRIDGE,STN,5K1,
5K1E,5K1E - BLAINE,STN,5K1,
5K1M,5K1M - ROSEVILLE,STN,5K1,
5K1S,5K1S - WOODBURY,STN,5K1,
5K2,5K2 - DAKOTA DISTRICT,CO,5K,
5K2A,5K2A - ABERDEEN,STN,5K2,
5K2E,5K2E - FARGO,STN,5K2,
5K2F,5K2F - GRAND FORKS,STN,5K2,
5K2G,5K2G - RAPID CITY,STN,5K2,
5K2K,5K2K - BISMARCK,STN,5K2,
5K2L,5K2L - MINOT,STN,5K2,
5K2V,5K2V - SIOUX FALLS,STN,5K2,
5K3,5K3 - NORTHERN IOWA,CO,5K,
5K3B,5K3B - SIOUX CITY,STN,5K3,
5K3D,5K3D - FT DODGE,STN,5K3,
5K3L,5K3L - MASON CITY,STN,5K3,
5K3T,5K3T - CEDAR FALLS,STN,5K3,
5K4,5K4 - BRAINERD,CO,5K,
5K4B,5K4B - BRAINERD,STN,5K4,
5K4D,5K4D - DULUTH,STN,5K4,
5K4E,5K4E - BEMIDJI,STN,5K4,
5K4S,5K4S - ST CLOUD,STN,5K4,
5K6,5K6 - MINNEAPOLIS,CO,5K,
5K6C,5K6C - SHAKOPEE,STN,5K6,
5K6F,5K6F - PLYMOUTH,STN,5K6,
5K6H,5K6H - BUFFALO,STN,5K6,
5K6L,5K6L - RICHFIELD,STN,5K6,
5K6V,5K6V - LAKEVILLE,STN,5K6,
5K7,5K7 - MANKATO,CO,5K,
5K7E,5K7E - MARSHALL,STN,5K7,
5K7N,5K7N - MANKATO,STN,5K7,
5K7R,5K7R - ROCHESTER,STN,5K7,
5K8,5K8 - DES MOINES,CO,5K,
5K8D,5K8D - AMES,STN,5K8,
5K8K,5K8K - NORTH DES MOINES,STN,5K8,
5K8S,5K8S - SOUTH DES MOINES,STN,5K8,
5K8W,5K8W - OTTUMWA,STN,5K8,
5K9,5K9 - IOWA CITY,CO,5K,
5K9D,5K9D - BURLINGTON,STN,5K9,
5K9G,5K9G - DUBUQUE,STN,5K9,
5K9K,5K9K - QUAD CITIES,STN,5K9,
5K9R,5K9R - CEDAR RAPIDS,STN,5K9,
5N,5N - NASHVILLE,BN,5,
5N1,5N1 - NASHVILLE,CO,5N,
5N1B,5N1B - COLUMBIA,STN,5N1,
5N1C,5N1C - FRANKLIN,STN,5N1,
5N1D,5N1D - MURFREESBORO,STN,5N1,
5N1G,5N1G - GALLATIN,STN,5N1,
5N1J,5N1J - MOUNT JULIET,STN,5N1,
5N1P,5N1P - MADISON,STN,5N1,
5N2,5N2 - JOHNSON CITY,CO,5N,
5N2B,5N2B - BRISTOL VA,STN,5N2,
5N2D,5N2D - JOHNSON CITY,STN,5N2,
5N2E,5N2E - KINGSPORT,STN,5N2,
5N2F,5N2F - MORRISTOWN TN,STN,5N2,
5N2G,5N2G - WISE,STN,5N2,
5N2H,5N2H - PIKEVILLE,STN,5N2,
5N2T,5N2T - GREENEVILLE,STN,5N2,
5N3,5N3 - KNOXVILLE,CO,5N,
5N3A,5N3A - COOKEVILLE,STN,5N3,
5N3E,5N3E - KNOXVILLE EAST,STN,5N3,
5N3P,5N3P - KNOXVILLE WEST,STN,5N3,
5N3S,5N3S - MARYVILLE,STN,5N3,
5N3V,5N3V - OAK RIDGE,STN,5N3,
5N5,5N5 - CLARKSVILLE,CO,5N,
5N5C,5N5C - CLARKSVILLE,STN,5N5,
5N5D,5N5D - DICKSON,STN,5N5,
5N5M,5N5M - PADUCAH,STN,5N5,
5N5P,5N5P - PARIS,STN,5N5,
5N5S,5N5S - HOPKINSVILLE,STN,5N5,
5N6,5N6 - LOUISVILLE,CO,5N,
5N6H,5N6H - LOUISVILLE EAST,STN,5N6,
5N6I,5N6I - CLARKSVILLE IN,STN,5N6,
5N6L,5N6L - LAGRANGE,STN,5N6,
5N6O,5N6O - LOUISVILLE PRESTON,STN,5N6,
5N6S,5N6S - MADISON,STN,5N6,
5N7,5N7 - ELIZABETHTOWN,CO,5N,
5N7B,5N7B - BOWLING GREEN,STN,5N7,
5N7H,5N7H - ELIZABETHTOWN,STN,5N7,
5N7R,5N7R - OWENSBORO,STN,5N7,
5N8,5N8 - LEXINGTON,CO,5N,
5N8C,5N8C - SOMERSET,STN,5N8,
5N8E,5N8E - LONDON,STN,5N8,
5N8F,5N8F - FRANKFORT,STN,5N8,
5N8J,5N8J - LEXINGTON E,STN,5N8,
5N8M,5N8M - MOREHEAD,STN,5N8,
5N8V,5N8V - RICHMOND,STN,5N8,
4,5TH BDE,BDE,USAREC,
4C,4C - DALLAS-FORT WORTH,BN,4,
4C1,4C1 - MCKINNEY,CO,4C,
4C1F,4C1F - FRISCO,STN,4C1,
4C1H,4C1H - DENTON,STN,4C1,
4C1K,4C1K - MCKINNEY,STN,4C1,
4C1L,4C1L - LEWISVILLE,STN,4C1,
4C1M,4C1M - GREENVILLE,STN,4C1,
4C1S,4C1S - SHERMAN,STN,4C1,
4C2,4C2 - FT WORTH,CO,4C,
4C2A,4C2A - SOUTH FT WORTH,STN,4C2,
4C2F,4C2F - BURLESON,STN,4C2,
4C2H,4C2H - NORTH RICHLAND HILLS,STN,4C2,
4C2K,4C2K - KELLER,STN,4C2,
4C2M,4C2M - WEATHERFORD,STN,4C2,
4C2W,4C2W - RIDGMAR,STN,4C2,
4C3,4C3 - PLANO,CO,4C,
4C3A,4C3A - GARLAND,STN,4C3,
4C3C,4C3C - CARROLLTON,STN,4C3,
4C3D,4C3D - EAST DALLAS,STN,4C3,
4C3M,4C3M - MIDTOWN,STN,4C3,
4C3P,4C3P - PLANO,STN,4C3,
4C3Q,4C3Q - MESQUITE,STN,4C3,
4C3R,4C3R - ROCKWALL,STN,4C3,
4C4,4C4 - TYLER,CO,4C,
4C4A,4C4A - ATHENS,STN,4C4,
4C4B,4C4B - TERRELL,STN,4C4,
4C4L,4C4L - LONGVIEW,STN,4C4,
4C4M,4C4M - MT PLEASANT,STN,4C4,
4C4T,4C4T - TYLER,STN,4C4,
4C5,4C5 - WACO,CO,4C,
4C5C,4C5C - COPPERAS COVE,STN,4C5,
4C5G,4C5G - HARKER HEIGHTS,STN,4C5,
4C5P,4C5P - WACO,STN,4C5,
4C5S,4C5S - STEPHENVILLE,STN,4C5,
4C5T,4C5T - TEMPLE,STN,4C5,
4C6,4C6 - DALLAS,CO,4C,
4C6B,4C6B - CEDAR HILL,STN,4C6,
4C6G,4C6G - GRAND PRAIRIE,STN,4C6,
4C6H,4C6H - WAXAHACHIE,STN,4C6,
4C6I,4C6I - IRVING,STN,4C6,
4C6M,4C6M - MANSFIELD,STN,4C6,
4C6O,4C6O - OAK CLIFF,STN,4C6,
4C6T,4C6T - ARLINGTON,STN,4C6,
4C7,4C7 - ABILENE,CO,4C,
4C7A,4C7A - ABILENE,STN,4C7,
4C7B,4C7B - BROWNWOOD,STN,4C7,
4C7M,4C7M - MIDLAND,STN,4C7,
4C7O,4C7O - ODESSA,STN,4C7,
4C7S,4C7S - SAN ANGELO,STN,4C7,
4D,4D - DENVER,BN,4,
4D1,4D1 - CHEYENNE,CO,4D,
4D1E,4D1E - LARAMIE,STN,4D1,
4D1F,4D1F - FT COLLINS,STN,4D1,
4D1G,4D1G - GREELEY,STN,4D1,
4D1H,4D1H - CHEYENNE,STN,4D1,
4D1L,4D1L - LOVELAND,STN,4D1,
4D1V,4D1V - SCOTTSBLUFF,STN,4D1,
4D2,4D2 - WHEAT RIDGE,CO,4D,
4D2A,4D2A - LAKEWOOD,STN,4D2,
4D2D,4D2D - BOULDER,STN,4D2,
4D2G,4D2G - GOLDEN,STN,4D2,
4D2M,4D2M - LONGMONT,STN,4D2,
4D2N,4D2N - PARK MEADOWS,STN,4D2,
4D2W,4D2W - WESTMINSTER,STN,4D2,
4D3,4D3 - COL SPRINGS,CO,4D,
4D3A,4D3A - PUEBLO,STN,4D3,
4D3C,4D3C - CANON CITY,STN,4D3,
4D3M,4D3M - CITADEL,STN,4D3,
4D3R,4D3R - POWERS,STN,4D3,
4D3S,4D3S - COL SPRING NE,STN,4D3,
4D3W,4D3W - SECURITY,STN,4D3,
4D4,4D4 - OMAHA,CO,4D,
4D4A,4D4A - BELLEVUE,STN,4D4,
4D4B,4D4B - COUNCIL BLUFFS,STN,4D4,
4D4C,4D4C - CENTRAL OMAHA,STN,4D4,
4D4M,4D4M - MILLARD,STN,4D4,
4D4N,4D4N - NORTH OMAHA,STN,4D4,
4D5,4D5 - GRAND ISLAND,CO,4D,
4D5C,4D5C - NORFOLK,STN,4D5,
4D5E,4D5E - LINCOLN NORTH,STN,4D5,
4D5G,4D5G - GRAND ISLAND,STN,4D5,
4D5H,4D5H - KEARNEY,STN,4D5,
4D5N,4D5N - NORTH PLATTE,STN,4D5,
4D5S,4D5S - LINCOLN SOUTH,STN,4D5,
4D6,4D6 - ARAPAHOE,CO,4D,
4D6A,4D6A - THORNTON,STN,4D6,
4D6B,4D6B - BRIGHTON,STN,4D6,
4D6C,4D6C - DENVER,STN,4D6,
4D6D,4D6D - AURORA,STN,4D6,
4D6H,4D6H - ARAPAHOE,STN,4D6,
4D6P,4D6P - PARKER,STN,4D6,
4D7,4D7 - WESTERN SLOPE,CO,4D,
4D7E,4D7E - DURANGO,STN,4D7,
4D7G,4D7G - GLENWOOD SPRINGS,STN,4D7,
4D7J,4D7J - GRAND JUNCTION,STN,4D7,
4D7M,4D7M - MONTROSE,STN,4D7,
4E,4E - HOUSTON,BN,4,
4E1,4E1 - BEAUMONT,CO,4E,
4E1B,4E1B - BAYTOWN,STN,4E1,
4E1D,4E1D - CROSSROADS,STN,4E1,
4E1N,4E1N - NORTH SHORE,STN,4E1,
4E1R,4E1R - ORANGE,STN,4E1,
4E1W,4E1W - PORT ARTHUR,STN,4E1,
4E2,4E2 - HOUSTON SOUTH,CO,4E,
4E2L,4E2L - LAKE JACKSON,STN,4E2,
4E2M,4E2M - MISSOURI CITY,STN,4E2,
4E2P,4E2P - PEARLAND,STN,4E2,
4E2R,4E2R - ROSENBERG,STN,4E2,
4E2S,4E2S - SHARPSTOWN,STN,4E2,
4E3,4E3 - HOUSTON NORTH,CO,4E,
4E3F,4E3F - TOMBALL,STN,4E3,
4E3L,4E3L - WOODLANDS,STN,4E3,
4E3N,4E3N - HUMBLE,STN,4E3,
4E3S,4E3S - SPRING,STN,4E3,
4E3T,4E3T - KLEIN,STN,4E3,
4E4,4E4 - HOUSTON WEST,CO,4E,
4E4C,4E4C - COLLEGE STATION,STN,4E4,
4E4F,4E4F - BRENHAM,STN,4E4,
4E4J,4E4J - CYPRESS,STN,4E4,
4E4K,4E4K - KATY,STN,4E4,
4E5,4E5 - HUNTSVILLE,CO,4E,
4E5A,4E5A - HUNTSVILLE,STN,4E5,
4E5C,4E5C - CONROE,STN,4E5,
4E5G,4E5G - NACOGDOCHES,STN,4E5,
4E5L,4E5L - LUFKIN,STN,4E5,
4E5S,4E5S - CLEVELAND,STN,4E5,
4E7,4E7 - BAYBROOK,CO,4E,
4E7B,4E7B - BAYBROOK,STN,4E7,
4E7D,4E7D - PASADENA,STN,4E7,
4E7G,4E7G - GULFGATE,STN,4E7,
4E7L,4E7L - LEAGUE CITY,STN,4E7,
4E8,4E8 - HOUSTON CENTRAL,CO,4E,
4E8A,4E8A - ALIEF,STN,4E8,
4E8B,4E8B - BEAR CREEK,STN,4E8,
4E8G,4E8G - YALE,STN,4E8,
4E8M,4E8M - GALLERIA,STN,4E8,
4E8W,4E8W - WILLOWBROOK,STN,4E8,
4G,4G - KANSAS CITY,BN,4,
4G1,4G1 - GREATER KC,CO,4G,
4G1B,4G1B - GRANDVIEW,STN,4G1,
4G1L,4G1L - LENEXA,STN,4G1,
4G1N,4G1N - WARRENSBURG,STN,4G1,
4G1O,4G1O - OVERLAND PARK,STN,4G1,
4G1S,4G1S - SEDALIA,STN,4G1,
4G2,4G2 - CAPE GIRARDEAU,CO,4G,
4G2C,4G2C - CARBONDALE,STN,4G2,
4G2D,4G2D - CAPE GIRARDEAU,STN,4G2,
4G2F,4G2F - FARMINGTON,STN,4G2,
4G2M,4G2M - MARION,STN,4G2,
4G2N,4G2N - FESTUS,STN,4G2,
4G2P,4G2P - POPLAR BLUFF,STN,4G2,
4G3,4G3 - JOPLIN,CO,4G,
4G3B,4G3B - BOLIVAR,STN,4G3,
4G3H,4G3H - BRANSON,STN,4G3,
4G3K,4G3K - JOPLIN,STN,4G3,
4G3P,4G3P - PITTSBURG,STN,4G3,
4G3R,4G3R - SPRINGFIELD NORTH,STN,4G3,
4G3S,4G3S - SPRINGFIELD SOUTH,STN,4G3,
4G4,4G4 - LIBERTY,CO,4G,
4G4A,4G4A - NORTHLAND,STN,4G4,
4G4B,4G4B - LIBERTY,STN,4G4,
4G4C,4G4C - LEGENDS,STN,4G4,
4G4I,4G4I - INDEPENDENCE,STN,4G4,
4G4L,4G4L - LEAVENWORTH,STN,4G4,
4G4P,4G4P - CHILLICOTHE,STN,4G4,
4G4S,4G4S - BLUE SPRINGS,STN,4G4,
4G4T,4G4T - ST JOSEPH,STN,4G4,
4G6,4G6 - MANHATTAN KS,CO,4G,
4G6H,4G6H - HAYS,STN,4G6,
4G6L,4G6L - LAWRENCE,STN,4G6,
4G6M,4G6M - MANHATTAN,STN,4G6,
4G6S,4G6S - SALINA,STN,4G6,
4G6T,4G6T - TOPEKA,STN,4G6,
4G8,4G8 - ST LOUIS,CO,4G,
4G8E,4G8E - SOUTH COUNTY,STN,4G8,
4G8G,4G8G - NORTH COUNTY,STN,4G8,
4G8P,4G8P - METRO ST LOUIS,STN,4G8,
4G8S,4G8S - BRIDGETON,STN,4G8,
4G8W,4G8W - WEST COUNTY,STN,4G8,
4G9,4G9 - MID-MISSOURI,CO,4G,
4G9C,4G9C - ST ROBERT,STN,4G9,
4G9E,4G9E - ROLLA,STN,4G9,
4G9J,4G9J - JEFFERSON CITY,STN,4G9,
4G9S,4G9S - ST PETERS,STN,4G9,
4G9T,4G9T - WENTZVILLE,STN,4G9,
4G9V,4G9V - WASHINGTON,STN,4G9,
4G9W,4G9W - COLUMBIA,STN,4G9,
4J,4J - OKLAHOMA CITY,BN,4,
4J1,4J1 - AMARILLO,CO,4J,
4J1A,4J1A - AMARILLO DT,STN,4J1,
4J1C,4J1C - CLOVIS,STN,4J1,
4J1D,4J1D - DUMAS,STN,4J1,
4J1L,4J1L - LIBERAL,STN,4J1,
4J1S,4J1S - LUBBOCK,STN,4J1,
4J2,4J2 - OK CITY WEST,CO,4J,
4J2C,4J2C - WEATHERFORD,STN,4J2,
4J2E,4J2E - OKLAHOMA CTY NW,STN,4J2,
4J2F,4J2F - ENID,STN,4J2,
4J2L,4J2L - LAWTON,STN,4J2,
4J2N,4J2N - STILLWATER,STN,4J2,
4J2S,4J2S - MEMORIAL,STN,4J2,
4J2W,4J2W - WICHITA FALLS,STN,4J2,
4J3,4J3 - OK CITY EAST,CO,4J,
4J3A,4J3A - ARDMORE,STN,4J3,
4J3J,4J3J - MIDWEST CITY,STN,4J3,
4J3M,4J3M - MCALESTER,STN,4J3,
4J3P,4J3P - MOORE,STN,4J3,
4J3S,4J3S - SHAWNEE,STN,4J3,
4J3T,4J3T - NORMAN,STN,4J3,
4J4,4J4 - TULSA,CO,4J,
4J4C,4J4C - CLAREMORE,STN,4J4,
4J4D,4J4D - BARTLESVILLE,STN,4J4,
4J4H,4J4H - SAND SPRINGS,STN,4J4,
4J4N,4J4N - MUSKOGEE,STN,4J4,
4J4P,4J4P - OWASSO,STN,4J4,
4J4V,4J4V - TULSA SOUTH,STN,4J4,
4J5,4J5 - TEXARKANA,CO,4J,
4J5B,4J5B - PINE BLUFF,STN,4J5,
4J5C,4J5C - TEXARKANA,STN,4J5,
4J5G,4J5G - HOT SPRINGS,STN,4J5,
4J5K,4J5K - EL DORADO,STN,4J5,
4J5Q,4J5Q - PARIS,STN,4J5,
4J6,4J6 - FT SMITH,CO,4J,
4J6A,4J6A - RUSSELLVILLE,STN,4J6,
4J6C,4J6C - FORT SMITH,STN,4J6,
4J6D,4J6D - HARRISON,STN,4J6,
4J6E,4J6E - FAYETTEVILLE NE,STN,4J6,
4J6F,4J6F - FAYETTEVILLE SW,STN,4J6,
4J6M,4J6M - MOUNTAIN HOME,STN,4J6,
4J6R,4J6R - ROGERS,STN,4J6,
4J7,4J7 - LITTLE ROCK,CO,4J,
4J7A,4J7A - BATESVILLE,STN,4J7,
4J7B,4J7B - NORTH LITTLE ROCK,STN,4J7,
4J7C,4J7C - CONWAY,STN,4J7,
4J7E,4J7E - SOUTH LITTLE ROCK,STN,4J7,
4J7K,4J7K - MARION,STN,4J7,
4J7N,4J7N - JONESBORO,STN,4J7,
4J7S,4J7S - SEARCY,STN,4J7,
4J8,4J8 - WICHITA,CO,4J,
4J8D,4J8D - DODGE CITY,STN,4J8,
4J8K,4J8K - HUTCHINSON,STN,4J8,
4J8P,4J8P - PONCA CITY,STN,4J8,
4J8R,4J8R - WICHITA EAST,STN,4J8,
4J8W,4J8W - WICHITA WEST,STN,4J8,
4K,4K - SAN ANTONIO,BN,4,
4K1,4K1 - AUSTIN,CO,4K,
4K1A,4K1A - LAKE CREEK,STN,4K1,
4K1G,4K1G - ROUND ROCK,STN,4K1,
4K1K,4K1K - GEORGETOWN,STN,4K1,
4K1M,4K1M - MARBLE FALLS,STN,4K1,
4K1N,4K1N - NORTH CROSS,STN,4K1,
4K1U,4K1U - UNIVERSITY,STN,4K1,
4K2,4K2 - CORPUS CHRISTI,CO,4K,
4K2D,4K2D - KINGSVILLE,STN,4K2,
4K2H,4K2H - CORPUS CHRISTI,STN,4K2,
4K2P,4K2P - PORTLAND,STN,4K2,
4K2V,4K2V - VICTORIA,STN,4K2,
4K3,4K3 - SAN MARCOS,CO,4K,
4K3B,4K3B - SAN MARCOS,STN,4K3,
4K3C,4K3C - BASTROP,STN,4K3,
4K3D,4K3D - AUSTIN SOUTH,STN,4K3,
4K3N,4K3N - NEW BRAUNFELS,STN,4K3,
4K4,4K4 - WEST SAN ANTONIO,CO,4K,
4K4B,4K4B - DEL RIO,STN,4K4,
4K4K,4K4K - KERRVILLE,STN,4K4,
4K4L,4K4L - POTRANCO,STN,4K4,
4K4N,4K4N - DEZAVALA,STN,4K4,
4K4R,4K4R - SOUTH PARK,STN,4K4,
4K4W,4K4W - INGRAM PARK,STN,4K4,
4K5,4K5 - EAST SAN ANTONIO,CO,4K,
4K5A,4K5A - PARK NORTH,STN,4K5,
4K5F,4K5F - FORUM,STN,4K5,
4K5M,4K5M - SAN ANTONIO SOUTHEAST,STN,4K5,
4K5N,4K5N - WALZEM,STN,4K5,
4K5P,4K5P - ROLLING OAKS,STN,4K5,
4K6,4K6 - EL PASO,CO,4K,
4K6A,4K6A - ALAMOGORDO,STN,4K6,
4K6D,4K6D - TRANS MOUNTAIN,STN,4K6,
4K6L,4K6L - LAS CRUCES,STN,4K6,
4K6M,4K6M - MONTWOOD,STN,4K6,
4K6R,4K6R - ROSWELL,STN,4K6,
4K6T,4K6T - ZARAGOSA,STN,4K6,
4K6V,4K6V - VISCOUNT,STN,4K6,
4K6W,4K6W - CORONADO,STN,4K6,
4K7,4K7 - RIO GRANDE,CO,4K,
4K7B,4K7B - BROWNSVILLE,STN,4K7,
4K7H,4K7H - HARLINGEN,STN,4K7,
4K7L,4K7L - LAREDO,STN,4K7,
4K7M,4K7M - MC ALLEN,STN,4K7,
4K7R,4K7R - MISSION,STN,4K7,
4K7W,4K7W - WESLACO,STN,4K7,
4P,4P - PHOENIX,BN,4,
4P1,4P1 - PHOENIX WEST,CO,4P,
4P1A,4P1A - ARROWHEAD,STN,4P1,
4P1B,4P1B - GLENDALE,STN,4P1,
4P1C,4P1C - GOODYEAR,STN,4P1,
4P1E,4P1E - BUCKEYE (GOODYEAR SOUTH),STN,4P1,
4P1H,4P1H - SURPRISE,STN,4P1,
4P1L,4P1L - BULLHEAD CITY,STN,4P1,
4P1S,4P1S - LAKE HAVASU,STN,4P1,
4P1U,4P1U - YUMA,STN,4P1,
4P2,4P2 - TUCSON,CO,4P,
4P2A,4P2A - CATALINA,STN,4P2,
4P2G,4P2G - CASA GRANDE,STN,4P2,
4P2J,4P2J - SIERRA VISTA,STN,4P2,
4P2N,4P2N - FOOTHILLS,STN,4P2,
4P2P,4P2P - OLD PUEBLO,STN,4P2,
4P2R,4P2R - CENTER POINTE,STN,4P2,
4P3,4P3 - PHOENIX NORTH,CO,4P,
4P3A,4P3A - ANTHEM,STN,4P3,
4P3D,4P3D - FLAGSTAFF,STN,4P3,
4P3G,4P3G - PRESCOTT,STN,4P3,
4P3I,4P3I - PARADISE VALLEY,STN,4P3,
4P3P,4P3P - NORTH PHOENIX,STN,4P3,
4P4,4P4 - TEMPE,CO,4P,
4P4C,4P4C - MESA,STN,4P4,
4P4E,4P4E - SUPERSTITION,STN,4P4,
4P4L,4P4L - WHITE MOUNTAINS,STN,4P4,
4P4Q,4P4Q - QUEEN CREEK,STN,4P4,
4P4T,4P4T - TEMPE,STN,4P4,
4P4W,4P4W - GILBERT,STN,4P4,
4P5,4P5 - ALBUQUERQUE,CO,4P,
4P5E,4P5E - FOUR HILLS,STN,4P5,
4P5F,4P5F - FARMINGTON,STN,4P5,
4P5N,4P5N - SAN MATEO,STN,4P5,
4P5Q,4P5Q - RIO RANCHO,STN,4P5,
4P5S,4P5S - SANTA FE,STN,4P5,
4P5W,4P5W - LADERA,STN,4P5,
4P7,4P7 - PHOENIX CENTRAL,CO,4P,
4P7F,4P7F - CHRISTOWN,STN,4P7,
4P7K,4P7K - CHANDLER,STN,4P7,
4P7M,4P7M - WESTRIDGE,STN,4P7,
4P7S,4P7S - SCOTTSDALE,STN,4P7,
4P7T,4P7T - METRO CENTER,STN,4P7,
4P7V,4P7V - SOUTH MOUNTAIN,STN,4P7,
6,6TH BDE,BDE,USAREC,
6F,6F - LOS ANGELES,BN,6,
6F2,6F2 - SAN GABRIEL VALLEY,CO,6F,
6F2A,6F2A - POMONA,STN,6F2,
6F2D,6F2D - AZUSA,STN,6F2,
6F2F,6F2F - EL MONTE,STN,6F2,
6F2P,6F2P - PASADENA,STN,6F2,
6F2R,6F2R - MONTEREY PARK,STN,6F2,
6F2V,6F2V - ROWLAND HEIGHTS,STN,6F2,
6F3,6F3 - LONG BEACH,CO,6F,
6F3B,6F3B - LAKEWOOD,STN,6F3,
6F3C,6F3C - CARSON,STN,6F3,
6F3H,6F3H - LONG BEACH,STN,6F3,
6F3R,6F3R - NORWALK,STN,6F3,
6F3V,6F3V - HUNTINGTON PARK,STN,6F3,
6F3W,6F3W - WHITTIER,STN,6F3,
6F5,6F5 - SN FERNANDO VL,CO,6F,
6F5A,6F5A - VENTURA,STN,6F5,
6F5N,6F5N - TARZANA,STN,6F5,
6F5O,6F5O - OXNARD,STN,6F5,
6F5T,6F5T - THOUSAND OAKS,STN,6F5,
6F5V,6F5V - SIMI VALLEY,STN,6F5,
6F7,6F7 - COASTAL,CO,6F,
6F7F,6F7F - TORRANCE,STN,6F7,
6F7K,6F7K - KOREA TOWN,STN,6F7,
6F7L,6F7L - LA CENTRAL,STN,6F7,
6F7T,6F7T - INGLEWOOD,STN,6F7,
6F7V,6F7V - CULVER CITY,STN,6F7,
6F8,6F8 - LOS ANGELES NORTH,CO,6F,
6F8G,6F8G - GRANADA HILLS,STN,6F8,
6F8H,6F8H - BURBANK,STN,6F8,
6F8L,6F8L - LANCASTER,STN,6F8,
6F8P,6F8P - PALMDALE,STN,6F8,
6F8S,6F8S - SANTA CLARITA,STN,6F8,
6H,6H - PORTLAND,BN,6,
6H1,6H1 - EUGENE,CO,6H,
6H1B,6H1B - BEND,STN,6H1,
6H1G,6H1G - COOS BAY,STN,6H1,
6H1K,6H1K - EUGENE,STN,6H1,
6H1L,6H1L - ALBANY,STN,6H1,
6H1S,6H1S - SPRINGFIELD,STN,6H1,
6H1V,6H1V - ROSEBURG,STN,6H1,
6H2,6H2 - VANCOUVER,CO,6H,
6H2A,6H2A - ASTORIA,STN,6H2,
6H2E,6H2E - VANCOUVER EAST,STN,6H2,
6H2G,6H2G - TIGARD,STN,6H2,
6H2H,6H2H - HILLSBORO,STN,6H2,
6H2P,6H2P - LONGVIEW,STN,6H2,
6H2Q,6H2Q - PORTLAND,STN,6H2,
6H2W,6H2W - VANCOUVER WEST,STN,6H2,
6H3,6H3 - MOUNT HOOD,CO,6H,
6H3C,6H3C - CANBY,STN,6H3,
6H3M,6H3M - OREGON CITY,STN,6H3,
6H3N,6H3N - MC MINNVILLE,STN,6H3,
6H3S,6H3S - THE DALLES,STN,6H3,
6H3T,6H3T - GRESHAM,STN,6H3,
6H3U,6H3U - SALEM,STN,6H3,
6H5,6H5 - HAWAII,CO,6H,
6H5B,6H5B - KONA,STN,6H5,
6H5D,6H5D - KAPIOLANI,STN,6H5,
6H5H,6H5H - HILO,STN,6H5,
6H5I,6H5I - KAUAI,STN,6H5,
6H5M,6H5M - WAHIAWA,STN,6H5,
6H5N,6H5N - KANEOHE,STN,6H5,
6H5P,6H5P - PEARL CITY,STN,6H5,
6H5S,6H5S - WAILUKU MAUI,STN,6H5,
6H5W,6H5W - KAPOLEI,STN,6H5,
6H7,6H7 - GUAM,CO,6H,
6H7B,6H7B - MICRONESIA,STN,6H7,
6H7G,6H7G - HAGATNA,STN,6H7,
6H7J,6H7J - OKINAWA,STN,6H7,
6H7K,6H7K - KOREA,STN,6H7,
6H7M,6H7M - JAPAN-MAINLAND,STN,6H7,
6H7N,6H7N - SAIPAN,STN,6H7,
6H7S,6H7S - SAMOA,STN,6H7,
6I,6I - NORCAL,BN,6,
6I0,6I0 - SIERRA NEVADA,CO,6I,
6I0C,6I0C - CARSON CITY,STN,6I0,
6I0F,6I0F - FALLON,STN,6I0,
6I0P,6I0P - SPARKS,STN,6I0,
6I0R,6I0R - RENO,STN,6I0,
6I0S,6I0S - SUSANVILLE,STN,6I0,
6I1,6I1 - REDDING,CO,6I,
6I1D,6I1D - CHICO,STN,6I1,
6I1E,6I1E - EUREKA,STN,6I1,
6I1K,6I1K - KLAMATH FALLS,STN,6I1,
6I1R,6I1R - REDDING,STN,6I1,
6I1S,6I1S - MEDFORD,STN,6I1,
6I3,6I3 - SACRAMENTO VALLEY,CO,6I,
6I3F,6I3F - FOLSOM,STN,6I3,
6I3G,6I3G - ROSEVILLE,STN,6I3,
6I3H,6I3H - YUBA CITY,STN,6I3,
6I3N,6I3N - AUBURN,STN,6I3,
6I3P,6I3P - PLACERVILLE,STN,6I3,
6I3V,6I3V - FAIR OAKS CA,STN,6I3,
6I4,6I4 - SAN JOAQUIN,CO,6I,
6I4J,6I4J - MODESTO,STN,6I4,
6I4M,6I4M - MANTECA,STN,6I4,
6I4S,6I4S - SONORA,STN,6I4,
6I4T,6I4T - TURLOCK,STN,6I4,
6I4V,6I4V - STOCKTON,STN,6I4,
6I5,6I5 - CAPITAL,CO,6I,
6I5A,6I5A - SACRAMENTO NORTH,STN,6I5,
6I5F,6I5F - SACRAMENTO SOUTH,STN,6I5,
6I5G,6I5G - ELK GROVE,STN,6I5,
6I5W,6I5W - WOODLAND,STN,6I5,
6I6,6I6 - NORTH BAY,CO,6I,
6I6F,6I6F - FAIRFIELD,STN,6I6,
6I6M,6I6M - SANTA ROSA,STN,6I6,
6I6N,6I6N - NOVATO,STN,6I6,
6I6P,6I6P - UKIAH,STN,6I6,
6I6S,6I6S - AMERICAN CANYON,STN,6I6,
6I6V,6I6V - VACAVILLE,STN,6I6,
6J,6J - MOUNTAIN WEST,BN,6,
6J1,6J1 - OGDEN,CO,6J,
6J1F,6J1F - IDAHO FALLS,STN,6J1,
6J1L,6J1L - OGDEN,STN,6J1,
6J1N,6J1N - LOGAN,STN,6J1,
6J1P,6J1P - POCATELLO,STN,6J1,
6J1R,6J1R - CLEARFIELD,STN,6J1,
6J1S,6J1S - ROCK SPRINGS,STN,6J1,
6J2,6J2 - SALT LAKE,CO,6J,
6J2B,6J2B - TAYLORSVILLE,STN,6J2,
6J2F,6J2F - PROVO,STN,6J2,
6J2H,6J2H - WEST JORDAN,STN,6J2,
6J2M,6J2M - AMERICAN FORK,STN,6J2,
6J2R,6J2R - SANDY,STN,6J2,
6J2W,6J2W - MURRAY,STN,6J2,
6J3,6J3 - MISSOULA,CO,6J,
6J3D,6J3D - BUTTE,STN,6J3,
6J3G,6J3G - GREAT FALLS,STN,6J3,
6J3M,6J3M - MISSOULA,STN,6J3,
6J3P,6J3P - HELENA,STN,6J3,
6J3W,6J3W - KALISPELL,STN,6J3,
6J4,6J4 - BOISE,CO,6J,
6J4A,6J4A - MERIDIAN,STN,6J4,
6J4B,6J4B - BOISE,STN,6J4,
6J4F,6J4F - ONTARIO,STN,6J4,
6J4L,6J4L - ELKO,STN,6J4,
6J4N,6J4N - NAMPA,STN,6J4,
6J4T,6J4T - TWIN FALLS,STN,6J4,
6J6,6J6 - LAS VEGAS,CO,6J,
6J6C,6J6C - CENTENNIAL HILLS,STN,6J6,
6J6D,6J6D - DECATUR,STN,6J6,
6J6G,6J6G - GREEN VALLEY,STN,6J6,
6J6L,6J6L - LIBERTY,STN,6J6,
6J6M,6J6M - SAHARA,STN,6J6,
6J6N,6J6N - NELLIS,STN,6J6,
6J6P,6J6P - SPRING VALLEY,STN,6J6,
6J6S,6J6S - ST GEORGE,STN,6J6,
6J9,6J9 - BIG HORN,CO,6J,
6J9A,6J9A - CASPER,STN,6J9,
6J9B,6J9B - BILLINGS,STN,6J9,
6J9C,6J9C - CODY,STN,6J9,
6J9D,6J9D - BOZEMAN,STN,6J9,
6J9G,6J9G - GILLETTE,STN,6J9,
6K,6K - SOUTHERN CAL,BN,6,
6K1,6K1 - REDLANDS,CO,6K,
6K1A,6K1A - BARSTOW,STN,6K1,
6K1D,6K1D - REDLANDS,STN,6K1,
6K1H,6K1H - HESPERIA,STN,6K1,
6K1I,6K1I - PALM DESERT,STN,6K1,
6K1S,6K1S - SAN BERNARDINO,STN,6K1,
6K1T,6K1T - YUCCA VALLEY,STN,6K1,
6K1V,6K1V - VICTORVILLE,STN,6K1,
6K2,6K2 - HUNTINGTON BEACH,CO,6K,
6K2B,6K2B - TUSTIN,STN,6K2,
6K2H,6K2H - HUNTINGTON BEACH,STN,6K2,
6K2L,6K2L - LAKE FOREST,STN,6K2,
6K2M,6K2M - MISSION VIEJO,STN,6K2,
6K3,6K3 - ANAHEIM,CO,6K,
6K3A,6K3A - ANAHEIM,STN,6K3,
6K3B,6K3B - BREA,STN,6K3,
6K3C,6K3C - CYPRESS,STN,6K3,
6K3G,6K3G - WESTMINSTER,STN,6K3,
6K3O,6K3O - ORANGE,STN,6K3,
6K4,6K4 - SAN DIEGO SOUTH,CO,6K,
6K4A,6K4A - IMPERIAL BEACH,STN,6K4,
6K4C,6K4C - NATIONAL CITY,STN,6K4,
6K4D,6K4D - CHULA VISTA,STN,6K4,
6K4H,6K4H - EL CAJON,STN,6K4,
6K4K,6K4K - EL CENTRO,STN,6K4,
6K4U,6K4U - UNIVERSITY,STN,6K4,
6K6,6K6 - TEMECULA,CO,6K,
6K6A,6K6A - HEMET,STN,6K6,
6K6B,6K6B - MENIFEE,STN,6K6,
6K6C,6K6C - MORENO VALLEY,STN,6K6,
6K6G,6K6G - TEMECULA,STN,6K6,
6K6M,6K6M - MURRIETA,STN,6K6,
6K7,6K7 - RIVERSIDE,CO,6K,
6K7A,6K7A - FONTANA,STN,6K7,
6K7B,6K7B - CHINO HILLS,STN,6K7,
6K7C,6K7C - CORONA,STN,6K7,
6K7N,6K7N - RIVERSIDE,STN,6K7,
6K7U,6K7U - UPLAND,STN,6K7,
6K8,6K8 - SAN DIEGO NORTH,CO,6K,
6K8B,6K8B - KEARNY MESA,STN,6K8,
6K8E,6K8E - ESCONDIDO,STN,6K8,
6K8O,6K8O - OCEANSIDE,STN,6K8,
6K8P,6K8P - POWAY,STN,6K8,
6K8S,6K8S - MIRA MESA,STN,6K8,
6K8V,6K8V - VISTA,STN,6K8,
6L,6L - SEATTLE,BN,6,
6L1,6L1 - EVERETT,CO,6L,
6L1D,6L1D - BELLINGHAM,STN,6L1,
6L1G,6L1G - EVERETT,STN,6L1,
6L1K,6L1K - LYNNWOOD,STN,6L1,
6L1M,6L1M - MONROE,STN,6L1,
6L1N,6L1N - BURLINGTON,STN,6L1,
6L2,6L2 - SEATTLE,CO,6L,
6L2B,6L2B - BELLEVUE,STN,6L2,
6L2C,6L2C - NORTH SEATTLE,STN,6L2,
6L2F,6L2F - TUKWILA,STN,6L2,
6L2K,6L2K - KENT,STN,6L2,
6L3,6L3 - SPOKANE,CO,6L,
6L3D,6L3D - HAYDEN,STN,6L3,
6L3L,6L3L - LEWISTON,STN,6L3,
6L3O,6L3O - SPOKANE VALLEY,STN,6L3,
6L3R,6L3R - SPOKANE NORTH,STN,6L3,
6L3W,6L3W - CHENEY,STN,6L3,
6L4,6L4 - TACOMA,CO,6L,
6L4A,6L4A - AUBURN,STN,6L4,
6L4B,6L4B - SPANAWAY,STN,6L4,
6L4P,6L4P - PUYALLUP,STN,6L4,
6L4V,6L4V - TACOMA MALL,STN,6L4,
6L5,6L5 - YAKIMA,CO,6L,
6L5C,6L5C - WALLA WALLA,STN,6L5,
6L5H,6L5H - KENNEWICK,STN,6L5,
6L5M,6L5M - MOSES LAKE,STN,6L5,
6L5R,6L5R - EAST WENATCHEE,STN,6L5,
6L5W,6L5W - YAKIMA,STN,6L5,
6L6,6L6 - ALASKA,CO,6L,
6L6A,6L6A - ANCHORAGE SOUTH,STN,6L6,
6L6B,6L6B - ANCHORAGE NORTH,STN,6L6,
6L6E,6L6E - WASILLA,STN,6L6,
6L6G,6L6G - FAIRBANKS,STN,6L6,
6L6S,6L6S - SOLDOTNA,STN,6L6,
6L7,6L7 - OLYMPIA,CO,6L,
6L7E,6L7E - SILVERDALE,STN,6L7,
6L7F,6L7F - GIG HARBOR,STN,6L7,
6L7L,6L7L - LACEY,STN,6L7,
6L7N,6L7N - CHEHALIS,STN,6L7,
6L7O,6L7O - OLYMPIA,STN,6L7,
6N,6N - CENTCAL,BN,6,
6N1,6N1 - FRESNO,CO,6N,
6N1A,6N1A - CLOVIS,STN,6N1,
6N1C,6N1C - MERCED,STN,6N1,
6N1F,6N1F - FRESNO,STN,6N1,
6N1H,6N1H - HANFORD,STN,6N1,
6N1M,6N1M - MADERA,STN,6N1,
6N1R,6N1R - VISALIA,STN,6N1,
6N1S,6N1S - SELMA,STN,6N1,
6N2,6N2 - BAKERSFIELD,CO,6N,
6N2A,6N2A - BAKERSFIELD WEST,STN,6N2,
6N2B,6N2B - BAKERSFIELD EAST,STN,6N2,
6N2C,6N2C - RIDGECREST,STN,6N2,
6N2O,6N2O - DELANO,STN,6N2,
6N2P,6N2P - PORTERVILLE,STN,6N2,
6N6,6N6 - GOLD COAST,CO,6N,
6N6B,6N6B - GOLETA,STN,6N6,
6N6G,6N6G - SAN LUIS OBISPO,STN,6N6,
6N6L,6N6L - LOMPOC,STN,6N6,
6N6N,6N6N - SANTA MARIA,STN,6N6,
6N6P,6N6P - PASO ROBLES,STN,6N6,
6N7,6N7 - SOUTH BAY,CO,6N,
6N7B,6N7B - SAN MATEO,STN,6N7,
6N7D,6N7D - DALY CITY,STN,6N7,
6N7G,6N7G - MOUNTAIN VIEW,STN,6N7,
6N7M,6N7M - GOLDEN GATE,STN,6N7,
6N8,6N8 - EAST BAY,CO,6N,
6N8A,6N8A - ALAMEDA,STN,6N8,
6N8D,6N8D - BRENTWOOD,STN,6N8,
6N8F,6N8F - FREMONT,STN,6N8,
6N8H,6N8H - PLEASANT HILL,STN,6N8,
6N8I,6N8I - HAYWARD,STN,6N8,
6N8L,6N8L - LIVERMORE,STN,6N8,
6N8R,6N8R - RICHMOND,STN,6N8,
6N9,6N9 - MONTEREY BAY,CO,6N,
6N9A,6N9A - ALMADEN,STN,6N9,
6N9C,6N9C - CAPITOLA,STN,6N9,
6N9D,6N9D - GILROY,STN,6N9,
6N9E,6N9E - SEASIDE,STN,6N9,
6N9M,6N9M - SAN JOSE EAST,STN,6N9,
6N9S,6N9S - SALINAS,STN,6N9,
6N9W,6N9W - SANTA CLARA,STN,6N9,
