echelon,rsid,display_name,parent_rsid,uic
USAREC,USAREC,USAREC,,
BDE,1,1ST BDE,USAREC,
BN,1A,1A - ALBANY,1,
CO,1A1,1A1 - ALBANY,1A,
STN,1A1D,1A1D - ALBANY,1A1,
STN,1A1G,1A1G - JOHNSTOWN,1A1,
STN,1A1N,1A1N - SARATOGA SPRINGS,1A1,
STN,1A1O,1A1O - ONEONTA,1A1,
STN,1A1Q,1A1Q - SCHENECTADY,1A1,
STN,1A1W,1A1W - CLIFTON PARK,1A1,
CO,1A3,1A3 - BURLINGTON,1A,
STN,1A3B,1A3B - BARRE,1A3,
STN,1A3D,1A3D - BURLINGTON,1A3,
STN,1A3L,1A3L - GLENS FALLS,1A3,
STN,1A3P,1A3P - PLATTSBURGH,1A3,
STN,1A3V,1A3V - RUTLAND,1A3,
CO,1A4,1A4 - SPRINGFIELD,1A,
STN,1A4F,1A4F - FITCHBURG,1A4,
STN,1A4H,1A4H - SOUTH HADLEY,1A4,
STN,1A4T,1A4T - SOUTHBRIDGE,1A4,
STN,1A4V,1A4V - WORCESTER,1A4,
STN,1A4W,1A4W - SPRINGFIELD MA,1A4,
CO,1A5,1A5 - HARTFORD,1A,
STN,1A5E,1A5E - ENFIELD,1A5,
STN,1A5F,1A5F - HARTFORD,1A5,
STN,1A5H,1A5H - MANCHESTER CT,1A5,
STN,1A5J,1A5J - BRISTOL CT,1A5,
STN,1A5L,1A5L - MANSFIELD,1A5,
STN,1A5T,1A5T - TORRINGTON,1A5,
STN,1A5W,1A5W - WATERBURY,1A5,
CO,1A6,1A6 - NEW HAVEN,1A,
STN,1A6D,1A6D - BRIDGEPORT CT,1A6,
STN,1A6F,1A6F - STAMFORD,1A6,
STN,1A6K,1A6K - NORWICH CT,1A6,
STN,1A6L,1A6L - MIDDLETOWN CT,1A6,
STN,1A6N,1A6N - NEW HAVEN,1A6,
STN,1A6P,1A6P - GROTON,1A6,
STN,1A6R,1A6R - DANBURY,1A6,
STN,1A6W,1A6W - ANSONIA,1A6,
CO,1A8,1A8 - EUROPE,1A,
STN,1A8G,1A8G - GRAFENWOEHR,1A8,
STN,1A8H,1A8H - WIESBADEN,1A8,
STN,1A8J,1A8J - KAISERSLAUTERN,1A8,
STN,1A8M,1A8M - STUTTGART,1A8,
STN,1A8V,1A8V - VICENZA,1A8,
CO,1A9,1A9 - BEAR MOUNTAIN,1A,
STN,1A9A,1A9A - KINGSTON,1A9,
STN,1A9D,1A9D - MIDDLETOWN NY,1A9,
STN,1A9K,1A9K - SPRING VALLEY,1A9,
STN,1A9N,1A9N - NEW WINDSOR,1A9,
STN,1A9R,1A9R - POUGHKEEPSIE,1A9,
STN,1A9S,1A9S - PEEKSKILL,1A9,
BN,1B,1B - WASHINGTON (BALT),1,
CO,1B1,1B1 - COLUMBIA MD,1B,
STN,1B1A,1B1A - ROCKVILLE,1B1,
STN,1B1C,1B1C - COLUMBIA MD,1B1,
STN,1B1D,1B1D - GLEN BURNIE,1B1,
STN,1B1G,1B1G - GAITHERSBURG,1B1,
STN,1B1L,1B1L - ANNAPOLIS,1B1,
STN,1B1W,1B1W - SILVER SPRING - DOWNTOWN,1B1,
CO,1B2,1B2 - DELMARVA-SEAFORD,1B,
STN,1B2A,1B2A - GEORGETOWN,1B2,
STN,1B2B,1B2B - SALISBURY MD,1B2,
STN,1B2C,1B2C - EASTON MD,1B2,
STN,1B2D,1B2D - DOVER DE,1B2,
STN,1B2K,1B2K - NORTH EAST,1B2,
STN,1B2N,1B2N - NEWARK DE-M,1B2,
STN,1B2W,1B2W - WILMINGTON DE,1B2,
CO,1B3,1B3 - BALTIMORE,1B,
STN,1B3D,1B3D - BEL AIR,1B3,
STN,1B3G,1B3G - ROSEDALE,1B3,
STN,1B3H,1B3H - CATONSVILLE,1B3,
STN,1B3M,1B3M - MONDAWMIN MALL,1B3,
STN,1B3R,1B3R - TOWSON,1B3,
STN,1B3W,1B3W - WESTMINSTER,1B3,
CO,1B5,1B5 - FREDERICK,1B,
STN,1B5D,1B5D - FREDERICK,1B5,
STN,1B5G,1B5G - HAGERSTOWN,1B5,
STN,1B5H,1B5H - FAIRFAX,1B5,
STN,1B5J,1B5J - STERLING,1B5,
STN,1B5K,1B5K - MARTINSBURG,1B5,
STN,1B5P,1B5P - MANASSAS,1B5,
STN,1B5W,1B5W - WINCHESTER,1B5,
CO,1B6,1B6 - LANDOVER,1B,
STN,1B6B,1B6B - LAUREL,1B6,
STN,1B6D,1B6D - HYATTSVILLE,1B6,
STN,1B6E,1B6E - LEXINGTON PARK,1B6,
STN,1B6F,1B6F - WASHINGTON D.C.,1B6,
STN,1B6L,1B6L - OXON HILL,1B6,
STN,1B6M,1B6M - WALDORF,1B6,
STN,1B6R,1B6R - LARGO,1B6,
STN,1B6S,1B6S - PRINCE FREDERICK,1B6,
CO,1B7,1B7 - POTOMAC,1B,
STN,1B7B,1B7B - ALEXANDRIA,1B7,
STN,1B7C,1B7C - CULPEPPER,1B7,
STN,1B7F,1B7F - ARLINGTON,1B7,
STN,1B7H,1B7H - FREDERICKSBURG,1B7,
STN,1B7K,1B7K - FALLS CHURCH,1B7,
STN,1B7M,1B7M - SPRINGFIELD,1B7,
STN,1B7S,1B7S - STAFFORD,1B7,
STN,1B7W,1B7W - WOODBRIDGE,1B7,
BN,1D,1D - NEW ENGLAND,1,
CO,1D1,1D1 - MAINE,1D,
STN,1D1A,1D1A - AUBURN ME,1D1,
STN,1D1D,1D1D - AUGUSTA,1D1,
STN,1D1G,1D1G - BANGOR,1D1,
STN,1D1N,1D1N - SCARBOROUGH,1D1,
STN,1D1V,1D1V - WATERVILLE,1D1,
CO,1D2,1D2 - NEW HAMPSHIRE,1D,
STN,1D2A,1D2A - LITTLETON,1D2,
STN,1D2I,1D2I - DOVER,1D2,
STN,1D2J,1D2J - CONCORD,1D2,
STN,1D2K,1D2K - KEENE,1D2,
STN,1D2P,1D2P - MANCHESTER,1D2,
STN,1D2R,1D2R - AMHERST,1D2,
CO,1D4,1D4 - BOSTON METRO,1D,
STN,1D4A,1D4A - BOSTON METRO,1D4,
STN,1D4F,1D4F - MALDEN,1D4,
STN,1D4R,1D4R - ROSLINDALE,1D4,
STN,1D4T,1D4T - QUINCY,1D4,
CO,1D5,1D5 - NORTH SHORE,1D,
STN,1D5B,1D5B - LOWELL,1D5,
STN,1D5C,1D5C - WALTHAM,1D5,
STN,1D5E,1D5E - FRAMINGHAM,1D5,
STN,1D5G,1D5G - METHUEN,1D5,
STN,1D5L,1D5L - PEABODY,1D5,
CO,1D6,1D6 - RHODE ISLAND,1D,
STN,1D6F,1D6F - NORTH DARTMOUTH,1D6,
STN,1D6P,1D6P - PROVIDENCE SOUTH,1D6,
STN,1D6V,1D6V - WARWICK,1D6,
STN,1D6W,1D6W - WOONSOCKET,1D6,
CO,1D7,1D7 - SOUTH SHORE,1D,
STN,1D7B,1D7B - PLYMOUTH,1D7,
STN,1D7D,1D7D - NORWOOD,1D7,
STN,1D7E,1D7E - TAUNTON,1D7,
STN,1D7W,1D7W - BROCKTON,1D7,
BN,1E,1E - HARRISBURG,1,
CO,1E1,1E1 - GREENSBURG,1E,
STN,1E1I,1E1I - INDIANA,1E1,
STN,1E1J,1E1J - JOHNSTOWN,1E1,
STN,1E1K,1E1K - GREENSBURG,1E1,
STN,1E1T,1E1T - UNIONTOWN,1E1,
CO,1E2,1E2 - CARLISLE,1E,
STN,1E2B,1E2B - CHAMBERSBURG,1E2,
STN,1E2F,1E2F - MECHANICSBURG,1E2,
STN,1E2H,1E2H - HANOVER,1E2,
STN,1E2V,1E2V - YORK,1E2,
CO,1E3,1E3 - HARRISBURG,1E,
STN,1E3A,1E3A - LANCASTER,1E3,
STN,1E3D,1E3D - HARRISBURG,1E3,
STN,1E3L,1E3L - LEBANON,1E3,
STN,1E3V,1E3V - READING,1E3,
CO,1E4,1E4 - CLARION,1E,
STN,1E4A,1E4A - BRADFORD,1E4,
STN,1E4C,1E4C - CLARION,1E4,
STN,1E4F,1E4F - FRANKLIN,1E4,
STN,1E4S,1E4S - DU BOIS,1E4,
CO,1E5,1E5 - PITTSBURGH,1E,
STN,1E5A,1E5A - PITTS NO HILLS,1E5,
STN,1E5G,1E5G - MONROEVILLE,1E5,
STN,1E5R,1E5R - ROBINSON,1E5,
STN,1E5S,1E5S - SOUTH HILLS,1E5,
CO,1E7,1E7 - STATE COLLEGE,1E,
STN,1E7H,1E7H - SELINGSGROVE,1E7,
STN,1E7J,1E7J - STATE COLLEGE,1E7,
STN,1E7L,1E7L - LEWISTOWN,1E7,
STN,1E7V,1E7V - WILLIAMSPORT,1E7,
CO,1E9,1E9 - LEHIGH VALLEY,1E,
STN,1E9A,1E9A - ALLENTOWN,1E9,
STN,1E9D,1E9D - HAZLETON,1E9,
STN,1E9F,1E9F - BETHLEHEM,1E9,
STN,1E9P,1E9P - POTTSVILLE,1E9,
BN,1G,1G - NEW YORK CTY,1,
CO,1G1,1G1 - BROOKLYN SOUTH,1G,
STN,1G1B,1G1B - SHEEPSHEAD BAY,1G1,
STN,1G1C,1G1C - BAYRIDGE,1G1,
STN,1G1E,1G1E - EAST BROOKLYN,1G1,
STN,1G1F,1G1F - FLATBUSH,1G1,
STN,1G1S,1G1S - SOUTH SHORE,1G1,
STN,1G1T,1G1T - STATEN ISLAND,1G1,
CO,1G2,1G2 - BROOKLYN NORTH,1G,
STN,1G2A,1G2A - DOWNTOWN BROOKLYN,1G2,
STN,1G2C,1G2C - MANHATTAN SOUTH,1G2,
STN,1G2E,1G2E - LONG ISLAND CITY,1G2,
STN,1G2H,1G2H - CROWN HEIGHTS,1G2,
STN,1G2R,1G2R - RIDGEWOOD QUEENS,1G2,
STN,1G2T,1G2T - NY TIMES SQUARE,1G2,
CO,1G4,1G4 - SUFFOLK,1G,
STN,1G4B,1G4B - BAYSHORE,1G4,
STN,1G4M,1G4M - PATCHOGUE,1G4,
STN,1G4P,1G4P - SELDEN,1G4,
STN,1G4Q,1G4Q - SMITHTOWN,1G4,
STN,1G4R,1G4R - RIVERHEAD,1G4,
CO,1G5,1G5 - BRONX,1G,
STN,1G5B,1G5B - WESTCHESTER SQUARE,1G5,
STN,1G5F,1G5F - BRONX FORDHAM RD,1G5,
STN,1G5G,1G5G - NORTH BRONX,1G5,
STN,1G5H,1G5H - NY HARLEM,1G5,
STN,1G5M,1G5M - SOUTH BRONX,1G5,
STN,1G5P,1G5P - WHITE PLAINS,1G5,
STN,1G5W,1G5W - NY WASHINGTON HEIGHTS,1G5,
STN,1G5Y,1G5Y - MOUNT VERNON,1G5,
CO,1G6,1G6 - QUEENS,1G,
STN,1G6E,1G6E - ELMHURST,1G6,
STN,1G6F,1G6F - FLUSHING,1G6,
STN,1G6M,1G6M - JAMAICA,1G6,
STN,1G6P,1G6P - RICHMOND HILL,1G6,
CO,1G7,1G7 - NASSAU,1G,
STN,1G7A,1G7A - FREEPORT,1G7,
STN,1G7B,1G7B - HEMPSTEAD,1G7,
STN,1G7C,1G7C - HICKSVILLE,1G7,
STN,1G7G,1G7G - LYNBROOK,1G7,
STN,1G7U,1G7U - UNIVERSITY GARDENS,1G7,
BN,1K,1K - MID-ATLANTIC,1,
CO,1K2,1K2 - SOUTH JERSEY,1K,
STN,1K2C,1K2C - CHERRY HILL,1K2,
STN,1K2E,1K2E - SICKLERVILLE,1K2,
STN,1K2F,1K2F - NORTHFIELD,1K2,
STN,1K2L,1K2L - VINELAND,1K2,
STN,1K2W,1K2W - WOODBURY,1K2,
CO,1K3,1K3 - VALLEY FORGE,1K,
STN,1K3B,1K3B - WEST CHESTER,1K3,
STN,1K3C,1K3C - LANSDALE,1K3,
STN,1K3H,1K3H - HOLMES,1K3,
STN,1K3K,1K3K - DOYLESTOWN,1K3,
STN,1K3L,1K3L - PLYMOUTH,1K3,
STN,1K3P,1K3P - POTTSTOWN,1K3,
CO,1K4,1K4 - CENTRAL JERSEY,1K,
STN,1K4E,1K4E - FREEHOLD,1K4,
STN,1K4F,1K4F - TINTON FALLS,1K4,
STN,1K4M,1K4M - MEDFORD,1K4,
STN,1K4O,1K4O - WILLINGBORO,1K4,
STN,1K4S,1K4S - TOMS RIVER,1K4,
STN,1K4T,1K4T - EWING,1K4,
CO,1K6,1K6 - PHILADELPHIA METRO,1K,
STN,1K6A,1K6A - UPPER DARBY,1K6,
STN,1K6C,1K6C - COTTMAN AVE,1K6,
STN,1K6E,1K6E - CENTER CITY,1K6,
STN,1K6L,1K6L - LANGHORNE,1K6,
STN,1K6W,1K6W - NORTHEAST PHILADELPHIA,1K6,
CO,1K7,1K7 - NORTH JERSEY,1K,
STN,1K7B,1K7B - EAST BRUNSWICK,1K7,
STN,1K7E,1K7E - ELIZABETH,1K7,
STN,1K7H,1K7H - HACKETTSTOWN,1K7,
STN,1K7M,1K7M - MORRISTOWN NJ,1K7,
STN,1K7N,1K7N - NEWTON,1K7,
STN,1K7P,1K7P - PLAINFIELD,1K7,
STN,1K7S,1K7S - SOMERVILLE,1K7,
STN,1K7V,1K7V - EDISON,1K7,
CO,1K8,1K8 - NEWARK,1K,
STN,1K8H,1K8H - HACKENSACK,1K8,
STN,1K8J,1K8J - JERSEY CITY,1K8,
STN,1K8K,1K8K - NEWARK,1K8,
STN,1K8M,1K8M - BLOOMFIELD,1K8,
STN,1K8N,1K8N - UNION CITY,1K8,
STN,1K8O,1K8O - EAST ORANGE,1K8,
STN,1K8P,1K8P - PATERSON,1K8,
BN,1N,1N - SYRACUSE,1,
CO,1N2,1N2 - SYRACUSE,1N,
STN,1N2C,1N2C - CORTLAND,1N2,
STN,1N2D,1N2D - AUBURN,1N2,
STN,1N2J,1N2J - MATTYDALE,1N2,
STN,1N2O,1N2O - OSWEGO,1N2,
CO,1N3,1N3 - FT DRUM,1N,
STN,1N3P,1N3P - POTSDAM,1N3,
STN,1N3S,1N3S - NEW HARTFORD,1N3,
STN,1N3V,1N3V - WATERTOWN,1N3,
CO,1N4,1N4 - BUFFALO,1N,
STN,1N4A,1N4A - CHEEKTOWAGA,1N4,
STN,1N4L,1N4L - NIAGARA FALLS,1N4,
STN,1N4S,1N4S - WEST SENECA,1N4,
STN,1N4V,1N4V - TONAWANDA,1N4,
CO,1N5,1N5 - SOUTHERN TIER,1N,
STN,1N5E,1N5E - VESTAL,1N5,
STN,1N5J,1N5J - JAMESTOWN,1N5,
STN,1N5R,1N5R - OLEAN,1N5,
STN,1N5T,1N5T - HORSEHEADS,1N5,
CO,1N6,1N6 - ROCHESTER,1N,
STN,1N6B,1N6B - BATAVIA,1N6,
STN,1N6J,1N6J - GREECE,1N6,
STN,1N6V,1N6V - HENRIETTA,1N6,
STN,1N6W,1N6W - WEBSTER,1N6,
CO,1N8,1N8 - WILKES BARRE,1N,
STN,1N8P,1N8P - SCRANTON,1N8,
STN,1N8T,1N8T - TOWANDA,1N8,
STN,1N8V,1N8V - WILKES BARRE,1N8,
STN,1N8X,1N8X - STROUDSBURG,1N8,
BN,1O,1O - RICHMOND,1,
CO,1O1,1O1 - BLACKSBURG,1O,
STN,1O1A,1O1A - PRINCETON,1O1,
STN,1O1B,1O1B - BECKLEY,1O1,
STN,1O1D,1O1D - WYTHEVILLE,1O1,
STN,1O1H,1O1H - MARTINSVILLE,1O1,
STN,1O1I,1O1I - CHRISTIANSBURG,1O1,
STN,1O1J,1O1J - ROANOKE,1O1,
CO,1O4,1O4 - LYNCHBURG,1O,
STN,1O4A,1O4A - LYNCHBURG,1O4,
STN,1O4B,1O4B - STAUNTON,1O4,
STN,1O4C,1O4C - DANVILLE,1O4,
STN,1O4H,1O4H - HARRISONBURG,1O4,
STN,1O4K,1O4K - CHARLOTTESVILLE,1O4,
CO,1O5,1O5 - RICHMOND,1O,
STN,1O5A,1O5A - RICHMOND EAST,1O5,
STN,1O5B,1O5B - RICHMOND WEST,1O5,
STN,1O5D,1O5D - COLONIAL HEIGHTS,1O5,
STN,1O5E,1O5E - RCHMND CHSTRFLD,1O5,
STN,1O5F,1O5F - IRONBRIDGE,1O5,
STN,1O5H,1O5H - MECHANICSVILLE,1O5,
CO,1O6,1O6 - BRIDGEPORT,1O,
STN,1O6D,1O6D - CLARKSBURG,1O6,
STN,1O6F,1O6F - LAVALE,1O6,
STN,1O6S,1O6S - MORGANTOWN,1O6,
STN,1O6W,1O6W - WHEELING,1O6,
CO,1O8,1O8 - JAMES RIVER,1O,
STN,1O8B,1O8B - SUFFOLK,1O8,
STN,1O8D,1O8D - DENBIGH,1O8,
STN,1O8G,1O8G - NEWPORT NEWS,1O8,
STN,1O8W,1O8W - WILLIAMSBURG,1O8,
CO,1O9,1O9 - NORFOLK,1O,
STN,1O9A,1O9A - LYNNHAVEN,1O9,
STN,1O9B,1O9B - LANDSTOWN,1O9,
STN,1O9C,1O9C - CHESAPEAKE,1O9,
STN,1O9E,1O9E - NORFOLK,1O9,
STN,1O9H,1O9H - PORTSMOUTH,1O9,
STN,1O9J,1O9J - VIRGINIA BEACH,1O9,
STN,1O9N,1O9N - LITTLE CREEK,1O9,
BDE,3,2ND BDE,USAREC,
BN,3A,3A - ATLANTA,3,
CO,3A2,3A2 - ATLANTA,3A,
STN,3A2B,3A2B - JONESBORO,3A2,
STN,3A2D,3A2D - ATLANTA WEST,3A2,
STN,3A2E,3A2E - MIDTOWN,3A2,
STN,3A2M,3A2M - STONE MOUNTAIN,3A2,
STN,3A2P,3A2P - DULUTH,3A2,
STN,3A2S,3A2S - TUCKER,3A2,
STN,3A2T,3A2T - ROSWELL,3A2,
CO,3A3,3A3 - ATHENS,3A,
STN,3A3A,3A3A - TOCCOA,3A3,
STN,3A3B,3A3B - COMMERCE,3A3,
STN,3A3D,3A3D - ATHENS GA,3A3,
STN,3A3G,3A3G - LAWRENCEVILLE,3A3,
STN,3A3K,3A3K - GAINESVILLE - S,3A3,
STN,3A3U,3A3U - BUFORD,3A3,
STN,3A3W,3A3W - CUMMING,3A3,
CO,3A5,3A5 - MARIETTA,3A,
STN,3A5A,3A5A - WOODSTOCK,3A5,
STN,3A5B,3A5B - ROME,3A5,
STN,3A5C,3A5C - HIRAM,3A5,
STN,3A5G,3A5G - SMYRNA,3A5,
STN,3A5J,3A5J - DOUGLASVILLE,3A5,
STN,3A5R,3A5R - KENNSAW,3A5,
STN,3A5U,3A5U - CARTERSVILLE,3A5,
CO,3A6,3A6 - PEACHTREE CITY,3A,
STN,3A6A,3A6A - CONYERS,3A6,
STN,3A6B,3A6B - CARROLLTON,3A6,
STN,3A6D,3A6D - GRIFFIN,3A6,
STN,3A6L,3A6L - LA GRANGE,3A6,
STN,3A6N,3A6N - NEWNAN,3A6,
STN,3A6S,3A6S - MCDONOUGH,3A6,
CO,3A7,3A7 - CHATTANOOGA,3A,
STN,3A7B,3A7B - HIXSON,3A7,
STN,3A7C,3A7C - CHATTANOOGA EAST,3A7,
STN,3A7E,3A7E - CLEVELAND,3A7,
STN,3A7F,3A7F - MANCHESTER,3A7,
STN,3A7G,3A7G - BLUE RIDGE,3A7,
STN,3A7H,3A7H - DALTON,3A7,
CO,3A9,3A9 - WARNER ROBINS,3A,
STN,3A9A,3A9A - DUBLIN,3A9,
STN,3A9B,3A9B - MILLEDGEVILLE,3A9,
STN,3A9C,3A9C - MACON,3A9,
STN,3A9D,3A9D - COLUMBUS WEST,3A9,
STN,3A9F,3A9F - WARNER ROBINS,3A9,
BN,3D,3D - COLUMBIA,3,
CO,3D1,3D1 - AUGUSTA,3D,
STN,3D1A,3D1A - AUGUSTA,3D1,
STN,3D1B,3D1B - EVANS,3D1,
STN,3D1C,3D1C - GREENWOOD,3D1,
STN,3D1K,3D1K - AIKEN,3D1,
STN,3D1O,3D1O - ORANGEBURG,3D1,
CO,3D2,3D2 - COLUMBIA SC,3D,
STN,3D2A,3D2A - DENTSVILLE,3D2,
STN,3D2B,3D2B - IRMO,3D2,
STN,3D2C,3D2C - LEXINGTON,3D2,
STN,3D2E,3D2E - SANDHILL,3D2,
STN,3D2N,3D2N - ROCK HILL,3D2,
STN,3D2R,3D2R - COLUMBIA,3D2,
CO,3D4,3D4 - GREENVILLE SC,3D,
STN,3D4A,3D4A - CLEMSON,3D4,
STN,3D4B,3D4B - EASLEY,3D4,
STN,3D4C,3D4C - SIMPSONVILLE,3D4,
STN,3D4D,3D4D - ANDERSON,3D4,
STN,3D4K,3D4K - GREENVILLE,3D4,
STN,3D4V,3D4V - SPARTANBURG,3D4,
CO,3D6,3D6 - ASHEVILLE,3D,
STN,3D6A,3D6A - SYLVA,3D6,
STN,3D6B,3D6B - HENDERSONVILLE,3D6,
STN,3D6C,3D6C - ASHEVILLE,3D6,
STN,3D6D,3D6D - MORGANTON,3D6,
STN,3D6E,3D6E - HICKORY,3D6,
STN,3D6W,3D6W - SHELBY,3D6,
CO,3D7,3D7 - FLORENCE,3D,
STN,3D7A,3D7A - GEORGETOWN,3D7,
STN,3D7F,3D7F - FLORENCE,3D7,
STN,3D7M,3D7M - MYRTLE BEACH,3D7,
STN,3D7S,3D7S - SUMTER,3D7,
CO,3D9,3D9 - CHARLESTON,3D,
STN,3D9A,3D9A - NO CHARLESTON,3D9,
STN,3D9B,3D9B - WEST ASHLEY,3D9,
STN,3D9C,3D9C - SUMMERVILLE,3D9,
STN,3D9D,3D9D - BEAUFORT,3D9,
BN,3E,3E - JACKSONVILLE,3,
CO,3E1,3E1 - JACKSONVILLE,3E,
STN,3E1A,3E1A - JACKSONVILLE WEST,3E1,
STN,3E1B,3E1B - MANDARIN,3E1,
STN,3E1G,3E1G - JACKSONVL NO,3E1,
STN,3E1H,3E1H - ORANGE PARK,3E1,
STN,3E1P,3E1P - JACKSONVL SO,3E1,
CO,3E3,3E3 - GAINESVILLE,3E,
STN,3E3F,3E3F - LAKE CITY,3E3,
STN,3E3L,3E3L - TALLAHASSEE WEST,3E3,
STN,3E3M,3E3M - TALLAHASSEE EAST,3E3,
STN,3E3R,3E3R - OCALA,3E3,
STN,3E3U,3E3U - GAINESVILLE,3E3,
CO,3E4,3E4 - SAVANNAH,3E,
STN,3E4A,3E4A - VIDALIA,3E4,
STN,3E4B,3E4B - BRUNSWICK,3E4,
STN,3E4E,3E4E - STATESBORO,3E4,
STN,3E4G,3E4G - HINESVILLE,3E4,
STN,3E4K,3E4K - POOLER,3E4,
CO,3E5,3E5 - VALDOSTA,3E,
STN,3E5A,3E5A - ALBANY,3E5,
STN,3E5C,3E5C - WAYCROSS,3E5,
STN,3E5D,3E5D - THOMASVILLE,3E5,
STN,3E5N,3E5N - VALDOSTA,3E5,
STN,3E5S,3E5S - TIFTON,3E5,
CO,3E9,3E9 - DAYTONA,3E,
STN,3E9A,3E9A - PALATKA,3E9,
STN,3E9B,3E9B - DAYTONA BEACH,3E9,
STN,3E9C,3E9C - ST AUGUSTINE,3E9,
STN,3E9D,3E9D - ORANGE CITY,3E9,
BN,3G,3G - MIAMI,3,
CO,3G1,3G1 - MIAMI,3G,
STN,3G1D,3G1D - HOMESTEAD,3G1,
STN,3G1E,3G1E - MIAMI-KENDALL,3G1,
STN,3G1G,3G1G - PERRINE,3G1,
STN,3G1N,3G1N - NORTH MIAMI BEACH,3G1,
STN,3G1P,3G1P - HIALEAH,3G1,
STN,3G1R,3G1R - MIAMI-DOWNTOWN,3G1,
STN,3G1S,3G1S - MIAMI SOUTH,3G1,
CO,3G3,3G3 - FT LAUDERDALE,3G,
STN,3G3A,3G3A - CENTRAL PARK,3G3,
STN,3G3F,3G3F - MARGATE,3G3,
STN,3G3M,3G3M - LAUDERHILL,3G3,
STN,3G3S,3G3S - HOLLYWOOD,3G3,
STN,3G3T,3G3T - PEMBROKE PINES,3G3,
CO,3G5,3G5 - JUPITER,3G,
STN,3G5B,3G5B - JUPITER,3G5,
STN,3G5C,3G5C - STUART,3G5,
STN,3G5D,3G5D - DELRAY BEACH,3G5,
STN,3G5E,3G5E - PORT ST LUCIE,3G5,
STN,3G5F,3G5F - ROYAL PALM,3G5,
STN,3G5V,3G5V - VERO BEACH,3G5,
STN,3G5W,3G5W - LAKE WORTH,3G5,
CO,3G6,3G6 - SAN JUAN,3G,
STN,3G6C,3G6C - CAGUAS,3G6,
STN,3G6D,3G6D - BAYAMON,3G6,
STN,3G6E,3G6E - CAROLINA,3G6,
STN,3G6G,3G6G - CAYEY,3G6,
STN,3G6H,3G6H - HUMACAO,3G6,
STN,3G6J,3G6J - FAJARDO,3G6,
STN,3G6M,3G6M - RIO PIEDRAS,3G6,
CO,3G7,3G7 - AGUADILLA,3G,
STN,3G7A,3G7A - HATILLO,3G7,
STN,3G7G,3G7G - AGUADILLA,3G7,
STN,3G7M,3G7M - MAYAGUEZ,3G7,
STN,3G7P,3G7P - PONCE,3G7,
STN,3G7R,3G7R - BARCELONETA,3G7,
STN,3G7S,3G7S - ST THOMAS,3G7,
STN,3G7T,3G7T - ST.CROIX,3G7,
STN,3G7V,3G7V - SAN GERMAN,3G7,
BN,3H,3H - MONTGOMERY,3,
CO,3H1,3H1 - BIRMINGHAM,3H,
STN,3H1C,3H1C - HOOVER,3H1,
STN,3H1D,3H1D - OXFORD,3H1,
STN,3H1E,3H1E - TALLADEGA,3H1,
STN,3H1K,3H1K - TUSCALOOSA,3H1,
STN,3H1M,3H1M - ALABASTER,3H1,
STN,3H1N,3H1N - EASTWOOD,3H1,
STN,3H1R,3H1R - JASPER,3H1,
STN,3H1T,3H1T - BESSEMER,3H1,
CO,3H2,3H2 - DOTHAN,3H,
STN,3H2C,3H2C - CRESTVIEW,3H2,
STN,3H2D,3H2D - ANDALUSIA,3H2,
STN,3H2F,3H2F - DOTHAN,3H2,
STN,3H2J,3H2J - ENTERPRISE,3H2,
STN,3H2N,3H2N - PANAMA CITY,3H2,
STN,3H2S,3H2S - MARIANNA,3H2,
STN,3H2W,3H2W - FT WALTON,3H2,
CO,3H4,3H4 - MOBILE,3H,
STN,3H4A,3H4A - PACE,3H4,
STN,3H4C,3H4C - PENSACOLA,3H4,
STN,3H4E,3H4E - MOBILE,3H4,
STN,3H4H,3H4H - MONROEVILLE,3H4,
STN,3H4W,3H4W - SPANISH FORT,3H4,
CO,3H5,3H5 - MONTGOMERY,3H,
STN,3H5E,3H5E - PRATTVILLE,3H5,
STN,3H5K,3H5K - MONTGOMERY,3H5,
STN,3H5N,3H5N - AUBURN,3H5,
STN,3H5R,3H5R - SELMA,3H5,
CO,3H6,3H6 - HUNTSVILLE,3H,
STN,3H6G,3H6G - FORT PAYNE,3H6,
STN,3H6K,3H6K - DECATUR,3H6,
STN,3H6L,3H6L - CULLMAN,3H6,
STN,3H6M,3H6M - GUNTERSVILLE,3H6,
STN,3H6N,3H6N - SHOALS,3H6,
STN,3H6O,3H6O - RAINBOW CITY,3H6,
STN,3H6T,3H6T - HUNTSVILLE,3H6,
STN,3H6V,3H6V - HUNTSVILLE-MADISON,3H6,
BN,3J,3J - RALEIGH,3,
CO,3J1,3J1 - FAYETTEVILLE,3J,
STN,3J1B,3J1B - HOPE MILLS,3J1,
STN,3J1C,3J1C - SPRING LAKE,3J1,
STN,3J1G,3J1G - FAYETTEVILLE,3J1,
STN,3J1K,3J1K - LUMBERTON,3J1,
STN,3J1M,3J1M - SANFORD,3J1,
STN,3J1R,3J1R - ABERDEEN,3J1,
CO,3J2,3J2 - GREENVILLE NC,3J,
STN,3J2E,3J2E - ELIZABETH CITY,3J2,
STN,3J2G,3J2G - GOLDSBORO,3J2,
STN,3J2J,3J2J - GREENVILLE,3J2,
STN,3J2S,3J2S - SMITHFIELD,3J2,
STN,3J2W,3J2W - ROCKY MOUNT,3J2,
CO,3J3,3J3 - RALEIGH,3J,
STN,3J3B,3J3B - BURLINGTON NC,3J3,
STN,3J3C,3J3C - GARNER,3J3,
STN,3J3F,3J3F - DURHAM,3J3,
STN,3J3G,3J3G - CARY,3J3,
STN,3J3H,3J3H - WAKE FOREST,3J3,
STN,3J3M,3J3M - RALEIGH MAIN,3J3,
STN,3J3V,3J3V - CHAPEL HILL,3J3,
CO,3J5,3J5 - WINSTON SALEM,3J,
STN,3J5A,3J5A - MOUNT AIRY,3J5,
STN,3J5C,3J5C - REIDSVILLE,3J5,
STN,3J5D,3J5D - GREENSBORO,3J5,
STN,3J5E,3J5E - ASHEBORO,3J5,
STN,3J5H,3J5H - THOMASVILLE,3J5,
STN,3J5V,3J5V - WINSTON SALEM,3J5,
STN,3J5W,3J5W - WILKESBORO,3J5,
CO,3J6,3J6 - WILMINGTON NC,3J,
STN,3J6D,3J6D - CLINTON,3J6,
STN,3J6H,3J6H - HAVELOCK,3J6,
STN,3J6J,3J6J - JACKSONVILLE,3J6,
STN,3J6N,3J6N - NEW BERN,3J6,
STN,3J6P,3J6P - KINSTON,3J6,
STN,3J6W,3J6W - WILMINGTON NC,3J6,
CO,3J9,3J9 - CHARLOTTE,3J,
STN,3J9A,3J9A - KANNAPOLIS,3J9,
STN,3J9B,3J9B - EAST TOWN,3J9,
STN,3J9C,3J9C - GASTONIA,3J9,
STN,3J9H,3J9H - HUNTERSVILLE,3J9,
STN,3J9M,3J9M - MONROE,3J9,
STN,3J9P,3J9P - SOUTH PARK,3J9,
STN,3J9S,3J9S - SALISBURY,3J9,
STN,3J9V,3J9V - STATESVILLE,3J9,
BN,3N,3N - TAMPA,3,
CO,3N2,3N2 - SARASOTA,3N,
STN,3N2B,3N2B - BRADENTON,3N2,
STN,3N2H,3N2H - FORT MYERS,3N2,
STN,3N2L,3N2L - LEHIGH ACRES,3N2,
STN,3N2N,3N2N - NAPLES,3N2,
STN,3N2P,3N2P - PORT CHARLOTTE,3N2,
STN,3N2R,3N2R - SARASOTA,3N2,
CO,3N3,3N3 - ORLANDO,3N,
STN,3N3E,3N3E - LEESBURG,3N3,
STN,3N3G,3N3G - OCOEE,3N3,
STN,3N3P,3N3P - ORLANDO COLONIAL,3N3,
STN,3N3R,3N3R - WINTER SPRINGS,3N3,
STN,3N3S,3N3S - ALTAMONTE SPRINGS,3N3,
STN,3N3W,3N3W - ORLANDO UNIVERSITY,3N3,
CO,3N4,3N4 - TAMPA,3N,
STN,3N4B,3N4B - BRANDON,3N4,
STN,3N4D,3N4D - TAMPA CENTRAL,3N4,
STN,3N4E,3N4E - WESLEY CHAPEL,3N4,
STN,3N4F,3N4F - TAMPA NORTH,3N4,
STN,3N4P,3N4P - PLANT CITY,3N4,
CO,3N5,3N5 - CENTRAL FLORIDA,3N,
STN,3N5B,3N5B - ROCKLEDGE,3N5,
STN,3N5H,3N5H - LAKELAND,3N5,
STN,3N5M,3N5M - MELBOURNE,3N5,
STN,3N5O,3N5O - KISSIMMEE,3N5,
STN,3N5W,3N5W - WINTER HAVEN,3N5,
CO,3N6,3N6 - ST PETERSBURG,3N,
STN,3N6B,3N6B - BROOKSVILLE,3N6,
STN,3N6D,3N6D - CLEARWATER,3N6,
STN,3N6J,3N6J - INVERNESS,3N6,
STN,3N6L,3N6L - LARGO,3N6,
STN,3N6P,3N6P - PORT RICHEY,3N6,
STN,3N6T,3N6T - ST PETERSBURG,3N6,
BN,3T,3T - BATON ROUGE,3,
CO,3T1,3T1 - TUPELO,3T,
STN,3T1C,3T1C - COLUMBUS,3T1,
STN,3T1J,3T1J - JACKSON TN,3T1,
STN,3T1K,3T1K - CORINTH,3T1,
STN,3T1M,3T1M - MARTIN,3T1,
STN,3T1O,3T1O - OXFORD,3T1,
STN,3T1T,3T1T - TUPELO,3T1,
CO,3T2,3T2 - JACKSON MS,3T,
STN,3T2B,3T2B - LAKELAND,3T2,
STN,3T2F,3T2F - GREENVILLE,3T2,
STN,3T2G,3T2G - GREENWOOD,3T2,
STN,3T2M,3T2M - JACKSON METRO CT,3T2,
STN,3T2N,3T2N - NATCHEZ,3T2,
STN,3T2P,3T2P - PHILADELPHIA,3T2,
CO,3T4,3T4 - MEMPHIS,3T,
STN,3T4A,3T4A - MILLINGTON,3T4,
STN,3T4L,3T4L - CORDOVA,3T4,
STN,3T4M,3T4M - BARTLETT,3T4,
STN,3T4N,3T4N - MEMPHIS MIDTOWN,3T4,
STN,3T4R,3T4R - SOUTHAVEN,3T4,
CO,3T5,3T5 - BATON ROUGE,3T,
STN,3T5C,3T5C - CORTANA,3T5,
STN,3T5D,3T5D - DENHAM SPRINGS,3T5,
STN,3T5G,3T5G - GONZALES,3T5,
STN,3T5H,3T5H - HAMMOND,3T5,
STN,3T5R,3T5R - BLUEBONNET,3T5,
CO,3T6,3T6 - NEW ORLEANS,3T,
STN,3T6C,3T6C - MANDEVILLE,3T6,
STN,3T6G,3T6G - GRETNA,3T6,
STN,3T6H,3T6H - HOUMA,3T6,
STN,3T6M,3T6M - METAIRIE,3T6,
STN,3T6N,3T6N - NEW ORLEANS DT,3T6,
STN,3T6S,3T6S - SLIDELL,3T6,
CO,3T7,3T7 - HATTIESBURG,3T,
STN,3T7A,3T7A - HATTIESBURG,3T7,
STN,3T7B,3T7B - LAUREL,3T7,
STN,3T7C,3T7C - MCCOMB,3T7,
STN,3T7F,3T7F - GULFPORT,3T7,
STN,3T7M,3T7M - MERIDIAN,3T7,
STN,3T7P,3T7P - GAUTIER,3T7,
CO,3T8,3T8 - LAFAYETTE,3T,
STN,3T8B,3T8B - LAKE CHARLES,3T8,
STN,3T8D,3T8D - DERIDDER,3T8,
STN,3T8L,3T8L - LAFAYETTE,3T8,
STN,3T8M,3T8M - OPELOUSAS,3T8,
STN,3T8N,3T8N - NEW IBERIA,3T8,
CO,3T9,3T9 - SHREVEPORT,3T,
STN,3T9A,3T9A - NATCHITOCHES,3T9,
STN,3T9B,3T9B - BOSSIER CITY,3T9,
STN,3T9C,3T9C - ALEXANDRIA,3T9,
STN,3T9M,3T9M - MONROE,3T9,
STN,3T9R,3T9R - RUSTON,3T9,
STN,3T9S,3T9S - SHREVEPORT SOUTH,3T9,
BDE,5,3RD BDE,USAREC,
BN,5A,5A - CHICAGO,5,
CO,5A2,5A2 - HOMEWOOD,5A,
STN,5A2C,5A2C - OAK LAWN,5A2,
STN,5A2G,5A2G - SCHERERVILLE,5A2,
STN,5A2K,5A2K - BOURBONNAIS,5A2,
STN,5A2P,5A2P - CHI HEIGHTS,5A2,
STN,5A2R,5A2R - ORLAND PARK,5A2,
CO,5A3,5A3 - CHICAGO,5A,
STN,5A3A,5A3A - CHICAGO NORTH SIDE,5A3,
STN,5A3B,5A3B - CHICAGO MIDTOWN,5A3,
STN,5A3C,5A3C - NORTH CLYBOURN,5A3,
STN,5A3D,5A3D - SOUTH SHORE CHICAGO,5A3,
STN,5A3N,5A3N - CHICAGO SOUTH SIDE,5A3,
STN,5A3R,5A3R - WEST ROOSEVELT,5A3,
CO,5A4,5A4 - GLENVIEW,5A,
STN,5A4E,5A4E - EVANSTON,5A4,
STN,5A4M,5A4M - MELROSE PARK,5A4,
STN,5A4N,5A4N - NORTH RIVERSIDE,5A4,
STN,5A4U,5A4U - MT PROSPECT,5A4,
CO,5A6,5A6 - LIBERTYVILLE,5A,
STN,5A6C,5A6C - CRYSTAL LAKE,5A6,
STN,5A6H,5A6H - CARPENTERSVILLE,5A6,
STN,5A6R,5A6R - ROUND LAKE BEACH,5A6,
STN,5A6S,5A6S - SCHAUMBURG,5A6,
STN,5A6V,5A6V - WAUKEGAN,5A6,
CO,5A7,5A7 - SOUTH BEND,5A,
STN,5A7A,5A7A - MERRILLVILLE,5A7,
STN,5A7B,5A7B - ELKHART,5A7,
STN,5A7D,5A7D - VALPARAISO,5A7,
STN,5A7E,5A7E - MISHAWAKA,5A7,
STN,5A7W,5A7W - WARSAW,5A7,
CO,5A8,5A8 - DOWNERS GROVE,5A,
STN,5A8A,5A8A - AURORA,5A8,
STN,5A8D,5A8D - DOWNERS GROVE,5A8,
STN,5A8G,5A8G - GLENDALE HEIGHTS,5A8,
STN,5A8J,5A8J - CREST HILL,5A8,
BN,5C,5C - CLEVELAND,5,
CO,5C1,5C1 - MEDINA,5C,
STN,5C1E,5C1E - ELYRIA,5C1,
STN,5C1J,5C1J - CUYAHOGA FALLS,5C1,
STN,5C1M,5C1M - BARBERTON,5C1,
STN,5C1N,5C1N - MEDINA,5C1,
CO,5C2,5C2 - CLEVELAND METRO,5C,
STN,5C2A,5C2A - ASHTABULA,5C2,
STN,5C2B,5C2B - LAKEWOOD,5C2,
STN,5C2F,5C2F - MENTOR,5C2,
STN,5C2G,5C2G - CLEVELAND HEIGHTS,5C2,
STN,5C2V,5C2V - MAPLE HEIGHTS,5C2,
STN,5C2W,5C2W - PARMA,5C2,
CO,5C3,5C3 - NEW CASTLE,5C,
STN,5C3B,5C3B - BEAVER VALLEY,5C3,
STN,5C3C,5C3C - NEW CASTLE,5C3,
STN,5C3H,5C3H - MEADVILLE,5C3,
STN,5C3N,5C3N - ERIE-M,5C3,
STN,5C3V,5C3V - HERMITAGE,5C3,
CO,5C4,5C4 - CANTON,5C,
STN,5C4A,5C4A - STEUBENVILLE,5C4,
STN,5C4J,5C4J - CANTON,5C4,
STN,5C4U,5C4U - NEW PHILADELPHIA,5C4,
STN,5C4W,5C4W - WOOSTER,5C4,
CO,5C5,5C5 - MARION,5C,
STN,5C5B,5C5B - BELLEFONTAINE,5C5,
STN,5C5F,5C5F - FINDLAY,5C5,
STN,5C5L,5C5L - LIMA,5C5,
STN,5C5M,5C5M - MANSFIELD,5C5,
STN,5C5P,5C5P - TROY,5C5,
CO,5C6,5C6 - TOLEDO,5C,
STN,5C6A,5C6A - NORWALK,5C6,
STN,5C6B,5C6B - BOWLING GREEN,5C6,
STN,5C6F,5C6F - DEFIANCE,5C6,
STN,5C6I,5C6I - FREMONT,5C6,
STN,5C6T,5C6T - TOLEDO WEST,5C6,
CO,5C7,5C7 - WARREN,5C,
STN,5C7B,5C7B - BOARDMAN,5C7,
STN,5C7C,5C7C - CALCUTTA,5C7,
STN,5C7D,5C7D - ALLIANCE,5C7,
STN,5C7H,5C7H - KENT,5C7,
STN,5C7R,5C7R - WARREN,5C7,
BN,5D,5D - COLUMBUS,5,
CO,5D2,5D2 - COLUMBUS,5D,
STN,5D2D,5D2D - DELAWARE,5D2,
STN,5D2P,5D2P - DUBLIN,5D2,
STN,5D2R,5D2R - COLUMBUS WEST,5D2,
STN,5D2S,5D2S - GROVE CITY,5D2,
STN,5D2T,5D2T - WESTERVILLE,5D2,
STN,5D2W,5D2W - COLUMBUS EAST,5D2,
CO,5D3,5D3 - BARBOURSVILLE,5D,
STN,5D3A,5D3A - ASHLAND,5D3,
STN,5D3D,5D3D - HUNTINGTON WV,5D3,
STN,5D3E,5D3E - CHARLESTON S.,5D3,
STN,5D3G,5D3G - GALLIPOLIS,5D3,
STN,5D3L,5D3L - PARKERSBURG,5D3,
STN,5D3P,5D3P - PORTSMOUTH,5D3,
CO,5D4,5D4 - LANCASTER,5D,
STN,5D4C,5D4C - CHILLICOTHE,5D4,
STN,5D4D,5D4D - ATHENS,5D4,
STN,5D4H,5D4H - ZANESVILLE,5D4,
STN,5D4L,5D4L - LANCASTER,5D4,
STN,5D4N,5D4N - NEWARK,5D4,
CO,5D6,5D6 - DAYTON,5D,
STN,5D6B,5D6B - SPRINGFIELD,5D6,
STN,5D6F,5D6F - KETTERING,5D6,
STN,5D6N,5D6N - HUBER HEIGHTS,5D6,
STN,5D6W,5D6W - DAYTON-MAIN,5D6,
STN,5D6X,5D6X - XENIA,5D6,
CO,5D7,5D7 - CIN METRO,5D,
STN,5D7E,5D7E - EASTGATE,5D7,
STN,5D7F,5D7F - FLORENCE,5D7,
STN,5D7K,5D7K - CIN WESTERN HILLS,5D7,
STN,5D7R,5D7R - COLERAIN,5D7,
STN,5D7V,5D7V - RIDGE-M,5D7,
CO,5D8,5D8 - MIAMI VALLEY,5D,
STN,5D8A,5D8A - HAMILTON,5D8,
STN,5D8B,5D8B - MIDDLETOWN,5D8,
STN,5D8M,5D8M - HILLSBORO,5D8,
STN,5D8P,5D8P - MASON,5D8,
STN,5D8W,5D8W - WEST CHESTER,5D8,
BN,5H,5H - INDIANAPOLIS,5,
CO,5H1,5H1 - EVANSVILLE,5H,
STN,5H1D,5H1D - BLOOMINGTON IN,5H1,
STN,5H1E,5H1E - EVANSVILLE NORTH,5H1,
STN,5H1T,5H1T - TERRE HAUTE,5H1,
STN,5H1V,5H1V - VINCENNES,5H1,
CO,5H2,5H2 - FT WAYNE,5H,
STN,5H2D,5H2D - FT WAYNE NORTH,5H2,
STN,5H2G,5H2G - FT WAYNE STH,5H2,
STN,5H2K,5H2K - KOKOMO,5H2,
STN,5H2M,5H2M - MARION,5H2,
STN,5H2V,5H2V - MUNCIE,5H2,
CO,5H3,5H3 - FAIRVIEW HEIGHTS,5H,
STN,5H3A,5H3A - COLLINSVILLE,5H3,
STN,5H3B,5H3B - FAIRVIEW HEIGHTS,5H3,
STN,5H3J,5H3J - ALTON,5H3,
STN,5H3V,5H3V - MT VERNON,5H3,
CO,5H4,5H4 - SPRINGFIELD,5H,
STN,5H4D,5H4D - DECATUR,5H4,
STN,5H4F,5H4F - EFFINGHAM,5H4,
STN,5H4P,5H4P - DIRKSEN PARKWAY,5H4,
STN,5H4Q,5H4Q - QUINCY,5H4,
STN,5H4R,5H4R - SPRINGFIELD,5H4,
CO,5H5,5H5 - INDY METRO NORTH,5H,
STN,5H5D,5H5D - ANDERSON,5H5,
STN,5H5F,5H5F - LAFAYETTE SOUTH,5H5,
STN,5H5L,5H5L - INDY NORTH,5H5,
STN,5H5M,5H5M - NOBLESVILLE,5H5,
STN,5H5P,5H5P - INDY WEST,5H5,
CO,5H8,5H8 - INDY METRO SOUTH,5H,
STN,5H8A,5H8A - AURORA,5H8,
STN,5H8I,5H8I - INDY EAST,5H8,
STN,5H8R,5H8R - RICHMOND,5H8,
STN,5H8S,5H8S - SHELBYVILLE,5H8,
STN,5H8T,5H8T - INDY SOUTH,5H8,
CO,5H9,5H9 - CENTRAL ILLINOIS,5H,
STN,5H9A,5H9A - DANVILLE,5H9,
STN,5H9D,5H9D - NORMAL,5H9,
STN,5H9E,5H9E - PEORIA,5H9,
STN,5H9G,5H9G - GALESBURG,5H9,
STN,5H9K,5H9K - CHAMPAIGN,5H9,
BN,5I,5I - GREAT LAKES,5,
CO,5I1,5I1 - BATTLE CREEK,5I,
STN,5I1D,5I1D - BATTLE CREEK,5I1,
STN,5I1K,5I1K - KALAMAZOO,5I1,
STN,5I1S,5I1S - BENTON HARBOR,5I1,
CO,5I2,5I2 - BAY CITY,5I,
STN,5I2B,5I2B - PETOSKEY,5I2,
STN,5I2C,5I2C - ALPENA,5I2,
STN,5I2E,5I2E - WEST BRANCH,5I2,
STN,5I2H,5I2H - BAY CITY,5I2,
STN,5I2P,5I2P - MT PLEASANT,5I2,
STN,5I2R,5I2R - SAGINAW,5I2,
CO,5I4,5I4 - GRAND RAPIDS,5I,
STN,5I4B,5I4B - BIG RAPIDS,5I4,
STN,5I4D,5I4D - GREENVILLE,5I4,
STN,5I4H,5I4H - TRAVERSE CITY,5I4,
STN,5I4J,5I4J - GRAND RAPIDS,5I4,
STN,5I4P,5I4P - WYOMING,5I4,
STN,5I4V,5I4V - MUSKEGON,5I4,
CO,5I5,5I5 - LANSING,5I,
STN,5I5A,5I5A - ANN ARBOR,5I5,
STN,5I5B,5I5B - HOWELL,5I5,
STN,5I5H,5I5H - JACKSON,5I5,
STN,5I5V,5I5V - LANSING,5I5,
CO,5I7,5I7 - PONTIAC,5I,
STN,5I7B,5I7B - FLINT,5I7,
STN,5I7D,5I7D - AUBURN HILLS,5I7,
STN,5I7E,5I7E - MADISON HEIGHTS,5I7,
STN,5I7F,5I7F - WHITE LAKE,5I7,
CO,5I8,5I8 - MT CLEMENS,5I,
STN,5I8A,5I8A - EASTPOINTE,5I8,
STN,5I8D,5I8D - MT CLEMENS,5I8,
CO,5I9,5I9 - DEARBORN,5I,
STN,5I9B,5I9B - MONROE,5I9,
STN,5I9C,5I9C - LIVONIA NORTH,5I9,
STN,5I9D,5I9D - SOUTHGATE,5I9,
STN,5I9E,5I9E - WESTLAND,5I9,
BN,5J,5J - MILWAUKEE,5,
CO,5J1,5J1 - APPLETON,5J,
STN,5J1D,5J1D - APPLETON,5J1,
STN,5J1F,5J1F - FOND DU LAC,5J1,
STN,5J1H,5J1H - GREEN BAY,5J1,
STN,5J1M,5J1M - MARINETTE,5J1,
STN,5J1V,5J1V - SHEBOYGAN,5J1,
STN,5J1W,5J1W - WEST BEND,5J1,
CO,5J2,5J2 - FORT MCCOY,5J,
STN,5J2D,5J2D - EAU CLAIRE,5J2,
STN,5J2G,5J2G - WAUSAU,5J2,
STN,5J2O,5J2O - ONALASKA,5J2,
STN,5J2P,5J2P - PLOVER,5J2,
CO,5J3,5J3 - LOVES PARK,5J,
STN,5J3D,5J3D - DIXON,5J3,
STN,5J3E,5J3E - ROCKFORD EAST,5J3,
STN,5J3L,5J3L - PERU,5J3,
STN,5J3T,5J3T - DE KALB,5J3,
CO,5J4,5J4 - IRON MOUNTAIN,5J,
STN,5J4A,5J4A - IRONWOOD,5J4,
STN,5J4B,5J4B - RICE LAKE,5J4,
STN,5J4D,5J4D - ESCANABA,5J4,
STN,5J4G,5J4G - HOUGHTON,5J4,
STN,5J4I,5J4I - IRON MOUNTAIN,5J4,
STN,5J4S,5J4S - SAULT STE MARIE,5J4,
STN,5J4T,5J4T - RHINELANDER,5J4,
STN,5J4V,5J4V - MARQUETTE,5J4,
CO,5J5,5J5 - MADISON,5J,
STN,5J5B,5J5B - BARABOO,5J5,
STN,5J5C,5J5C - MADISON WEST,5J5,
STN,5J5H,5J5H - MADISON EAST,5J5,
STN,5J5J,5J5J - JANESVILLE,5J5,
STN,5J5R,5J5R - BURLINGTON,5J5,
STN,5J5W,5J5W - WATERTOWN,5J5,
CO,5J6,5J6 - MILWAUKEE,5J,
STN,5J6E,5J6E - MENOMONEE FALLS,5J6,
STN,5J6F,5J6F - GREENFIELD,5J6,
STN,5J6K,5J6K - WAUKESHA,5J6,
STN,5J6M,5J6M - MILWAUKEE,5J6,
STN,5J6O,5J6O - KENOSHA,5J6,
STN,5J6R,5J6R - RACINE,5J6,
BN,5K,5K - MINNEAPOLIS,5,
CO,5K1,5K1 - ST PAUL,5K,
STN,5K1C,5K1C - CAMBRIDGE,5K1,
STN,5K1E,5K1E - BLAINE,5K1,
STN,5K1M,5K1M - ROSEVILLE,5K1,
STN,5K1S,5K1S - WOODBURY,5K1,
CO,5K2,5K2 - DAKOTA DISTRICT,5K,
STN,5K2A,5K2A - ABERDEEN,5K2,
STN,5K2E,5K2E - FARGO,5K2,
STN,5K2F,5K2F - GRAND FORKS,5K2,
STN,5K2G,5K2G - RAPID CITY,5K2,
STN,5K2K,5K2K - BISMARCK,5K2,
STN,5K2L,5K2L - MINOT,5K2,
STN,5K2V,5K2V - SIOUX FALLS,5K2,
CO,5K3,5K3 - NORTHERN IOWA,5K,
STN,5K3B,5K3B - SIOUX CITY,5K3,
STN,5K3D,5K3D - FT DODGE,5K3,
STN,5K3L,5K3L - MASON CITY,5K3,
STN,5K3T,5K3T - CEDAR FALLS,5K3,
CO,5K4,5K4 - BRAINERD,5K,
STN,5K4B,5K4B - BRAINERD,5K4,
STN,5K4D,5K4D - DULUTH,5K4,
STN,5K4E,5K4E - BEMIDJI,5K4,
STN,5K4S,5K4S - ST CLOUD,5K4,
CO,5K6,5K6 - MINNEAPOLIS,5K,
STN,5K6C,5K6C - SHAKOPEE,5K6,
STN,5K6F,5K6F - PLYMOUTH,5K6,
STN,5K6H,5K6H - BUFFALO,5K6,
STN,5K6L,5K6L - RICHFIELD,5K6,
STN,5K6V,5K6V - LAKEVILLE,5K6,
CO,5K7,5K7 - MANKATO,5K,
STN,5K7E,5K7E - MARSHALL,5K7,
STN,5K7N,5K7N - MANKATO,5K7,
STN,5K7R,5K7R - ROCHESTER,5K7,
CO,5K8,5K8 - DES MOINES,5K,
STN,5K8D,5K8D - AMES,5K8,
STN,5K8K,5K8K - NORTH DES MOINES,5K8,
STN,5K8S,5K8S - SOUTH DES MOINES,5K8,
STN,5K8W,5K8W - OTTUMWA,5K8,
CO,5K9,5K9 - IOWA CITY,5K,
STN,5K9D,5K9D - BURLINGTON,5K9,
STN,5K9G,5K9G - DUBUQUE,5K9,
STN,5K9K,5K9K - QUAD CITIES,5K9,
STN,5K9R,5K9R - CEDAR RAPIDS,5K9,
BN,5N,5N - NASHVILLE,5,
CO,5N1,5N1 - NASHVILLE,5N,
STN,5N1B,5N1B - COLUMBIA,5N1,
STN,5N1C,5N1C - FRANKLIN,5N1,
STN,5N1D,5N1D - MURFREESBORO,5N1,
STN,5N1G,5N1G - GALLATIN,5N1,
STN,5N1J,5N1J - MOUNT JULIET,5N1,
STN,5N1P,5N1P - MADISON,5N1,
CO,5N2,5N2 - JOHNSON CITY,5N,
STN,5N2B,5N2B - BRISTOL VA,5N2,
STN,5N2D,5N2D - JOHNSON CITY,5N2,
STN,5N2E,5N2E - KINGSPORT,5N2,
STN,5N2F,5N2F - MORRISTOWN TN,5N2,
STN,5N2G,5N2G - WISE,5N2,
STN,5N2H,5N2H - PIKEVILLE,5N2,
STN,5N2T,5N2T - GREENEVILLE,5N2,
CO,5N3,5N3 - KNOXVILLE,5N,
STN,5N3A,5N3A - COOKEVILLE,5N3,
STN,5N3E,5N3E - KNOXVILLE EAST,5N3,
STN,5N3P,5N3P - KNOXVILLE WEST,5N3,
STN,5N3S,5N3S - MARYVILLE,5N3,
STN,5N3V,5N3V - OAK RIDGE,5N3,
CO,5N5,5N5 - CLARKSVILLE,5N,
STN,5N5C,5N5C - CLARKSVILLE,5N5,
STN,5N5D,5N5D - DICKSON,5N5,
STN,5N5M,5N5M - PADUCAH,5N5,
STN,5N5P,5N5P - PARIS,5N5,
STN,5N5S,5N5S - HOPKINSVILLE,5N5,
CO,5N6,5N6 - LOUISVILLE,5N,
STN,5N6H,5N6H - LOUISVILLE EAST,5N6,
STN,5N6I,5N6I - CLARKSVILLE IN,5N6,
STN,5N6L,5N6L - LAGRANGE,5N6,
STN,5N6O,5N6O - LOUISVILLE PRESTON,5N6,
STN,5N6S,5N6S - MADISON,5N6,
CO,5N7,5N7 - ELIZABETHTOWN,5N,
STN,5N7B,5N7B - BOWLING GREEN,5N7,
STN,5N7H,5N7H - ELIZABETHTOWN,5N7,
STN,5N7R,5N7R - OWENSBORO,5N7,
CO,5N8,5N8 - LEXINGTON,5N,
STN,5N8C,5N8C - SOMERSET,5N8,
STN,5N8E,5N8E - LONDON,5N8,
STN,5N8F,5N8F - FRANKFORT,5N8,
STN,5N8J,5N8J - LEXINGTON E,5N8,
STN,5N8M,5N8M - MOREHEAD,5N8,
STN,5N8V,5N8V - RICHMOND,5N8,
BDE,4,5TH BDE,USAREC,
BN,4C,4C - DALLAS-FORT WORTH,4,
CO,4C1,4C1 - MCKINNEY,4C,
STN,4C1F,4C1F - FRISCO,4C1,
STN,4C1H,4C1H - DENTON,4C1,
STN,4C1K,4C1K - MCKINNEY,4C1,
STN,4C1L,4C1L - LEWISVILLE,4C1,
STN,4C1M,4C1M - GREENVILLE,4C1,
STN,4C1S,4C1S - SHERMAN,4C1,
CO,4C2,4C2 - FT WORTH,4C,
STN,4C2A,4C2A - SOUTH FT WORTH,4C2,
STN,4C2F,4C2F - BURLESON,4C2,
STN,4C2H,4C2H - NORTH RICHLAND HILLS,4C2,
STN,4C2K,4C2K - KELLER,4C2,
STN,4C2M,4C2M - WEATHERFORD,4C2,
STN,4C2W,4C2W - RIDGMAR,4C2,
CO,4C3,4C3 - PLANO,4C,
STN,4C3A,4C3A - GARLAND,4C3,
STN,4C3C,4C3C - CARROLLTON,4C3,
STN,4C3D,4C3D - EAST DALLAS,4C3,
STN,4C3M,4C3M - MIDTOWN,4C3,
STN,4C3P,4C3P - PLANO,4C3,
STN,4C3Q,4C3Q - MESQUITE,4C3,
STN,4C3R,4C3R - ROCKWALL,4C3,
CO,4C4,4C4 - TYLER,4C,
STN,4C4A,4C4A - ATHENS,4C4,
STN,4C4B,4C4B - TERRELL,4C4,
STN,4C4L,4C4L - LONGVIEW,4C4,
STN,4C4M,4C4M - MT PLEASANT,4C4,
STN,4C4T,4C4T - TYLER,4C4,
CO,4C5,4C5 - WACO,4C,
STN,4C5C,4C5C - COPPERAS COVE,4C5,
STN,4C5G,4C5G - HARKER HEIGHTS,4C5,
STN,4C5P,4C5P - WACO,4C5,
STN,4C5S,4C5S - STEPHENVILLE,4C5,
STN,4C5T,4C5T - TEMPLE,4C5,
CO,4C6,4C6 - DALLAS,4C,
STN,4C6B,4C6B - CEDAR HILL,4C6,
STN,4C6G,4C6G - GRAND PRAIRIE,4C6,
STN,4C6H,4C6H - WAXAHACHIE,4C6,
STN,4C6I,4C6I - IRVING,4C6,
STN,4C6M,4C6M - MANSFIELD,4C6,
STN,4C6O,4C6O - OAK CLIFF,4C6,
STN,4C6T,4C6T - ARLINGTON,4C6,
CO,4C7,4C7 - ABILENE,4C,
STN,4C7A,4C7A - ABILENE,4C7,
STN,4C7B,4C7B - BROWNWOOD,4C7,
STN,4C7M,4C7M - MIDLAND,4C7,
STN,4C7O,4C7O - ODESSA,4C7,
STN,4C7S,4C7S - SAN ANGELO,4C7,
BN,4D,4D - DENVER,4,
CO,4D1,4D1 - CHEYENNE,4D,
STN,4D1E,4D1E - LARAMIE,4D1,
STN,4D1F,4D1F - FT COLLINS,4D1,
STN,4D1G,4D1G - GREELEY,4D1,
STN,4D1H,4D1H - CHEYENNE,4D1,
STN,4D1L,4D1L - LOVELAND,4D1,
STN,4D1V,4D1V - SCOTTSBLUFF,4D1,
CO,4D2,4D2 - WHEAT RIDGE,4D,
STN,4D2A,4D2A - LAKEWOOD,4D2,
STN,4D2D,4D2D - BOULDER,4D2,
STN,4D2G,4D2G - GOLDEN,4D2,
STN,4D2M,4D2M - LONGMONT,4D2,
STN,4D2N,4D2N - PARK MEADOWS,4D2,
STN,4D2W,4D2W - WESTMINSTER,4D2,
CO,4D3,4D3 - COL SPRINGS,4D,
STN,4D3A,4D3A - PUEBLO,4D3,
STN,4D3C,4D3C - CANON CITY,4D3,
STN,4D3M,4D3M - CITADEL,4D3,
STN,4D3R,4D3R - POWERS,4D3,
STN,4D3S,4D3S - COL SPRING NE,4D3,
STN,4D3W,4D3W - SECURITY,4D3,
CO,4D4,4D4 - OMAHA,4D,
STN,4D4A,4D4A - BELLEVUE,4D4,
STN,4D4B,4D4B - COUNCIL BLUFFS,4D4,
STN,4D4C,4D4C - CENTRAL OMAHA,4D4,
STN,4D4M,4D4M - MILLARD,4D4,
STN,4D4N,4D4N - NORTH OMAHA,4D4,
CO,4D5,4D5 - GRAND ISLAND,4D,
STN,4D5C,4D5C - NORFOLK,4D5,
STN,4D5E,4D5E - LINCOLN NORTH,4D5,
STN,4D5G,4D5G - GRAND ISLAND,4D5,
STN,4D5H,4D5H - KEARNEY,4D5,
STN,4D5N,4D5N - NORTH PLATTE,4D5,
STN,4D5S,4D5S - LINCOLN SOUTH,4D5,
CO,4D6,4D6 - ARAPAHOE,4D,
STN,4D6A,4D6A - THORNTON,4D6,
STN,4D6B,4D6B - BRIGHTON,4D6,
STN,4D6C,4D6C - DENVER,4D6,
STN,4D6D,4D6D - AURORA,4D6,
STN,4D6H,4D6H - ARAPAHOE,4D6,
STN,4D6P,4D6P - PARKER,4D6,
CO,4D7,4D7 - WESTERN SLOPE,4D,
STN,4D7E,4D7E - DURANGO,4D7,
STN,4D7G,4D7G - GLENWOOD SPRINGS,4D7,
STN,4D7J,4D7J - GRAND JUNCTION,4D7,
STN,4D7M,4D7M - MONTROSE,4D7,
BN,4E,4E - HOUSTON,4,
CO,4E1,4E1 - BEAUMONT,4E,
STN,4E1B,4E1B - BAYTOWN,4E1,
STN,4E1D,4E1D - CROSSROADS,4E1,
STN,4E1N,4E1N - NORTH SHORE,4E1,
STN,4E1R,4E1R - ORANGE,4E1,
STN,4E1W,4E1W - PORT ARTHUR,4E1,
CO,4E2,4E2 - HOUSTON SOUTH,4E,
STN,4E2L,4E2L - LAKE JACKSON,4E2,
STN,4E2M,4E2M - MISSOURI CITY,4E2,
STN,4E2P,4E2P - PEARLAND,4E2,
STN,4E2R,4E2R - ROSENBERG,4E2,
STN,4E2S,4E2S - SHARPSTOWN,4E2,
CO,4E3,4E3 - HOUSTON NORTH,4E,
STN,4E3F,4E3F - TOMBALL,4E3,
STN,4E3L,4E3L - WOODLANDS,4E3,
STN,4E3N,4E3N - HUMBLE,4E3,
STN,4E3S,4E3S - SPRING,4E3,
STN,4E3T,4E3T - KLEIN,4E3,
CO,4E4,4E4 - HOUSTON WEST,4E,
STN,4E4C,4E4C - COLLEGE STATION,4E4,
STN,4E4F,4E4F - BRENHAM,4E4,
STN,4E4J,4E4J - CYPRESS,4E4,
STN,4E4K,4E4K - KATY,4E4,
CO,4E5,4E5 - HUNTSVILLE,4E,
STN,4E5A,4E5A - HUNTSVILLE,4E5,
STN,4E5C,4E5C - CONROE,4E5,
STN,4E5G,4E5G - NACOGDOCHES,4E5,
STN,4E5L,4E5L - LUFKIN,4E5,
STN,4E5S,4E5S - CLEVELAND,4E5,
CO,4E7,4E7 - BAYBROOK,4E,
STN,4E7B,4E7B - BAYBROOK,4E7,
STN,4E7D,4E7D - PASADENA,4E7,
STN,4E7G,4E7G - GULFGATE,4E7,
STN,4E7L,4E7L - LEAGUE CITY,4E7,
CO,4E8,4E8 - HOUSTON CENTRAL,4E,
STN,4E8A,4E8A - ALIEF,4E8,
STN,4E8B,4E8B - BEAR CREEK,4E8,
STN,4E8G,4E8G - YALE,4E8,
STN,4E8M,4E8M - GALLERIA,4E8,
STN,4E8W,4E8W - WILLOWBROOK,4E8,
BN,4G,4G - KANSAS CITY,4,
CO,4G1,4G1 - GREATER KC,4G,
STN,4G1B,4G1B - GRANDVIEW,4G1,
STN,4G1L,4G1L - LENEXA,4G1,
STN,4G1N,4G1N - WARRENSBURG,4G1,
STN,4G1O,4G1O - OVERLAND PARK,4G1,
STN,4G1S,4G1S - SEDALIA,4G1,
CO,4G2,4G2 - CAPE GIRARDEAU,4G,
STN,4G2C,4G2C - CARBONDALE,4G2,
STN,4G2D,4G2D - CAPE GIRARDEAU,4G2,
STN,4G2F,4G2F - FARMINGTON,4G2,
STN,4G2M,4G2M - MARION,4G2,
STN,4G2N,4G2N - FESTUS,4G2,
STN,4G2P,4G2P - POPLAR BLUFF,4G2,
CO,4G3,4G3 - JOPLIN,4G,
STN,4G3B,4G3B - BOLIVAR,4G3,
STN,4G3H,4G3H - BRANSON,4G3,
STN,4G3K,4G3K - JOPLIN,4G3,
STN,4G3P,4G3P - PITTSBURG,4G3,
STN,4G3R,4G3R - SPRINGFIELD NORTH,4G3,
STN,4G3S,4G3S - SPRINGFIELD SOUTH,4G3,
CO,4G4,4G4 - LIBERTY,4G,
STN,4G4A,4G4A - NORTHLAND,4G4,
STN,4G4B,4G4B - LIBERTY,4G4,
STN,4G4C,4G4C - LEGENDS,4G4,
STN,4G4I,4G4I - INDEPENDENCE,4G4,
STN,4G4L,4G4L - LEAVENWORTH,4G4,
STN,4G4P,4G4P - CHILLICOTHE,4G4,
STN,4G4S,4G4S - BLUE SPRINGS,4G4,
STN,4G4T,4G4T - ST JOSEPH,4G4,
CO,4G6,4G6 - MANHATTAN KS,4G,
STN,4G6H,4G6H - HAYS,4G6,
STN,4G6L,4G6L - LAWRENCE,4G6,
STN,4G6M,4G6M - MANHATTAN,4G6,
STN,4G6S,4G6S - SALINA,4G6,
STN,4G6T,4G6T - TOPEKA,4G6,
CO,4G8,4G8 - ST LOUIS,4G,
STN,4G8E,4G8E - SOUTH COUNTY,4G8,
STN,4G8G,4G8G - NORTH COUNTY,4G8,
STN,4G8P,4G8P - METRO ST LOUIS,4G8,
STN,4G8S,4G8S - BRIDGETON,4G8,
STN,4G8W,4G8W - WEST COUNTY,4G8,
CO,4G9,4G9 - MID-MISSOURI,4G,
STN,4G9C,4G9C - ST ROBERT,4G9,
STN,4G9E,4G9E - ROLLA,4G9,
STN,4G9J,4G9J - JEFFERSON CITY,4G9,
STN,4G9S,4G9S - ST PETERS,4G9,
STN,4G9T,4G9T - WENTZVILLE,4G9,
STN,4G9V,4G9V - WASHINGTON,4G9,
STN,4G9W,4G9W - COLUMBIA,4G9,
BN,4J,4J - OKLAHOMA CITY,4,
CO,4J1,4J1 - AMARILLO,4J,
STN,4J1A,4J1A - AMARILLO DT,4J1,
STN,4J1C,4J1C - CLOVIS,4J1,
STN,4J1D,4J1D - DUMAS,4J1,
STN,4J1L,4J1L - LIBERAL,4J1,
STN,4J1S,4J1S - LUBBOCK,4J1,
CO,4J2,4J2 - OK CITY WEST,4J,
STN,4J2C,4J2C - WEATHERFORD,4J2,
STN,4J2E,4J2E - OKLAHOMA CTY NW,4J2,
STN,4J2F,4J2F - ENID,4J2,
STN,4J2L,4J2L - LAWTON,4J2,
STN,4J2N,4J2N - STILLWATER,4J2,
STN,4J2S,4J2S - MEMORIAL,4J2,
STN,4J2W,4J2W - WICHITA FALLS,4J2,
CO,4J3,4J3 - OK CITY EAST,4J,
STN,4J3A,4J3A - ARDMORE,4J3,
STN,4J3J,4J3J - MIDWEST CITY,4J3,
STN,4J3M,4J3M - MCALESTER,4J3,
STN,4J3P,4J3P - MOORE,4J3,
STN,4J3S,4J3S - SHAWNEE,4J3,
STN,4J3T,4J3T - NORMAN,4J3,
CO,4J4,4J4 - TULSA,4J,
STN,4J4C,4J4C - CLAREMORE,4J4,
STN,4J4D,4J4D - BARTLESVILLE,4J4,
STN,4J4H,4J4H - SAND SPRINGS,4J4,
STN,4J4N,4J4N - MUSKOGEE,4J4,
STN,4J4P,4J4P - OWASSO,4J4,
STN,4J4V,4J4V - TULSA SOUTH,4J4,
CO,4J5,4J5 - TEXARKANA,4J,
STN,4J5B,4J5B - PINE BLUFF,4J5,
STN,4J5C,4J5C - TEXARKANA,4J5,
STN,4J5G,4J5G - HOT SPRINGS,4J5,
STN,4J5K,4J5K - EL DORADO,4J5,
STN,4J5Q,4J5Q - PARIS,4J5,
CO,4J6,4J6 - FT SMITH,4J,
STN,4J6A,4J6A - RUSSELLVILLE,4J6,
STN,4J6C,4J6C - FORT SMITH,4J6,
STN,4J6D,4J6D - HARRISON,4J6,
STN,4J6E,4J6E - FAYETTEVILLE NE,4J6,
STN,4J6F,4J6F - FAYETTEVILLE SW,4J6,
STN,4J6M,4J6M - MOUNTAIN HOME,4J6,
STN,4J6R,4J6R - ROGERS,4J6,
CO,4J7,4J7 - LITTLE ROCK,4J,
STN,4J7A,4J7A - BATESVILLE,4J7,
STN,4J7B,4J7B - NORTH LITTLE ROCK,4J7,
STN,4J7C,4J7C - CONWAY,4J7,
STN,4J7E,4J7E - SOUTH LITTLE ROCK,4J7,
STN,4J7K,4J7K - MARION,4J7,
STN,4J7N,4J7N - JONESBORO,4J7,
STN,4J7S,4J7S - SEARCY,4J7,
CO,4J8,4J8 - WICHITA,4J,
STN,4J8D,4J8D - DODGE CITY,4J8,
STN,4J8K,4J8K - HUTCHINSON,4J8,
STN,4J8P,4J8P - PONCA CITY,4J8,
STN,4J8R,4J8R - WICHITA EAST,4J8,
STN,4J8W,4J8W - WICHITA WEST,4J8,
BN,4K,4K - SAN ANTONIO,4,
CO,4K1,4K1 - AUSTIN,4K,
STN,4K1A,4K1A - LAKE CREEK,4K1,
STN,4K1G,4K1G - ROUND ROCK,4K1,
STN,4K1K,4K1K - GEORGETOWN,4K1,
STN,4K1M,4K1M - MARBLE FALLS,4K1,
STN,4K1N,4K1N - NORTH CROSS,4K1,
STN,4K1U,4K1U - UNIVERSITY,4K1,
CO,4K2,4K2 - CORPUS CHRISTI,4K,
STN,4K2D,4K2D - KINGSVILLE,4K2,
STN,4K2H,4K2H - CORPUS CHRISTI,4K2,
STN,4K2P,4K2P - PORTLAND,4K2,
STN,4K2V,4K2V - VICTORIA,4K2,
CO,4K3,4K3 - SAN MARCOS,4K,
STN,4K3B,4K3B - SAN MARCOS,4K3,
STN,4K3C,4K3C - BASTROP,4K3,
STN,4K3D,4K3D - AUSTIN SOUTH,4K3,
STN,4K3N,4K3N - NEW BRAUNFELS,4K3,
CO,4K4,4K4 - WEST SAN ANTONIO,4K,
STN,4K4B,4K4B - DEL RIO,4K4,
STN,4K4K,4K4K - KERRVILLE,4K4,
STN,4K4L,4K4L - POTRANCO,4K4,
STN,4K4N,4K4N - DEZAVALA,4K4,
STN,4K4R,4K4R - SOUTH PARK,4K4,
STN,4K4W,4K4W - INGRAM PARK,4K4,
CO,4K5,4K5 - EAST SAN ANTONIO,4K,
STN,4K5A,4K5A - PARK NORTH,4K5,
STN,4K5F,4K5F - FORUM,4K5,
STN,4K5M,4K5M - SAN ANTONIO SOUTHEAST,4K5,
STN,4K5N,4K5N - WALZEM,4K5,
STN,4K5P,4K5P - ROLLING OAKS,4K5,
CO,4K6,4K6 - EL PASO,4K,
STN,4K6A,4K6A - ALAMOGORDO,4K6,
STN,4K6D,4K6D - TRANS MOUNTAIN,4K6,
STN,4K6L,4K6L - LAS CRUCES,4K6,
STN,4K6M,4K6M - MONTWOOD,4K6,
STN,4K6R,4K6R - ROSWELL,4K6,
STN,4K6T,4K6T - ZARAGOSA,4K6,
STN,4K6V,4K6V - VISCOUNT,4K6,
STN,4K6W,4K6W - CORONADO,4K6,
CO,4K7,4K7 - RIO GRANDE,4K,
STN,4K7B,4K7B - BROWNSVILLE,4K7,
STN,4K7H,4K7H - HARLINGEN,4K7,
STN,4K7L,4K7L - LAREDO,4K7,
STN,4K7M,4K7M - MC ALLEN,4K7,
STN,4K7R,4K7R - MISSION,4K7,
STN,4K7W,4K7W - WESLACO,4K7,
BN,4P,4P - PHOENIX,4,
CO,4P1,4P1 - PHOENIX WEST,4P,
STN,4P1A,4P1A - ARROWHEAD,4P1,
STN,4P1B,4P1B - GLENDALE,4P1,
STN,4P1C,4P1C - GOODYEAR,4P1,
STN,4P1E,4P1E - BUCKEYE (GOODYEAR SOUTH),4P1,
STN,4P1H,4P1H - SURPRISE,4P1,
STN,4P1L,4P1L - BULLHEAD CITY,4P1,
STN,4P1S,4P1S - LAKE HAVASU,4P1,
STN,4P1U,4P1U - YUMA,4P1,
CO,4P2,4P2 - TUCSON,4P,
STN,4P2A,4P2A - CATALINA,4P2,
STN,4P2G,4P2G - CASA GRANDE,4P2,
STN,4P2J,4P2J - SIERRA VISTA,4P2,
STN,4P2N,4P2N - FOOTHILLS,4P2,
STN,4P2P,4P2P - OLD PUEBLO,4P2,
STN,4P2R,4P2R - CENTER POINTE,4P2,
CO,4P3,4P3 - PHOENIX NORTH,4P,
STN,4P3A,4P3A - ANTHEM,4P3,
STN,4P3D,4P3D - FLAGSTAFF,4P3,
STN,4P3G,4P3G - PRESCOTT,4P3,
STN,4P3I,4P3I - PARADISE VALLEY,4P3,
STN,4P3P,4P3P - NORTH PHOENIX,4P3,
CO,4P4,4P4 - TEMPE,4P,
STN,4P4C,4P4C - MESA,4P4,
STN,4P4E,4P4E - SUPERSTITION,4P4,
STN,4P4L,4P4L - WHITE MOUNTAINS,4P4,
STN,4P4Q,4P4Q - QUEEN CREEK,4P4,
STN,4P4T,4P4T - TEMPE,4P4,
STN,4P4W,4P4W - GILBERT,4P4,
CO,4P5,4P5 - ALBUQUERQUE,4P,
STN,4P5E,4P5E - FOUR HILLS,4P5,
STN,4P5F,4P5F - FARMINGTON,4P5,
STN,4P5N,4P5N - SAN MATEO,4P5,
STN,4P5Q,4P5Q - RIO RANCHO,4P5,
STN,4P5S,4P5S - SANTA FE,4P5,
STN,4P5W,4P5W - LADERA,4P5,
CO,4P7,4P7 - PHOENIX CENTRAL,4P,
STN,4P7F,4P7F - CHRISTOWN,4P7,
STN,4P7K,4P7K - CHANDLER,4P7,
STN,4P7M,4P7M - WESTRIDGE,4P7,
STN,4P7S,4P7S - SCOTTSDALE,4P7,
STN,4P7T,4P7T - METRO CENTER,4P7,
STN,4P7V,4P7V - SOUTH MOUNTAIN,4P7,
BDE,6,6TH BDE,USAREC,
BN,6F,6F - LOS ANGELES,6,
CO,6F2,6F2 - SAN GABRIEL VALLEY,6F,
STN,6F2A,6F2A - POMONA,6F2,
STN,6F2D,6F2D - AZUSA,6F2,
STN,6F2F,6F2F - EL MONTE,6F2,
STN,6F2P,6F2P - PASADENA,6F2,
STN,6F2R,6F2R - MONTEREY PARK,6F2,
STN,6F2V,6F2V - ROWLAND HEIGHTS,6F2,
CO,6F3,6F3 - LONG BEACH,6F,
STN,6F3B,6F3B - LAKEWOOD,6F3,
STN,6F3C,6F3C - CARSON,6F3,
STN,6F3H,6F3H - LONG BEACH,6F3,
STN,6F3R,6F3R - NORWALK,6F3,
STN,6F3V,6F3V - HUNTINGTON PARK,6F3,
STN,6F3W,6F3W - WHITTIER,6F3,
CO,6F5,6F5 - SN FERNANDO VL,6F,
STN,6F5A,6F5A - VENTURA,6F5,
STN,6F5N,6F5N - TARZANA,6F5,
STN,6F5O,6F5O - OXNARD,6F5,
STN,6F5T,6F5T - THOUSAND OAKS,6F5,
STN,6F5V,6F5V - SIMI VALLEY,6F5,
CO,6F7,6F7 - COASTAL,6F,
STN,6F7F,6F7F - TORRANCE,6F7,
STN,6F7K,6F7K - KOREA TOWN,6F7,
STN,6F7L,6F7L - LA CENTRAL,6F7,
STN,6F7T,6F7T - INGLEWOOD,6F7,
STN,6F7V,6F7V - CULVER CITY,6F7,
CO,6F8,6F8 - LOS ANGELES NORTH,6F,
STN,6F8G,6F8G - GRANADA HILLS,6F8,
STN,6F8H,6F8H - BURBANK,6F8,
STN,6F8L,6F8L - LANCASTER,6F8,
STN,6F8P,6F8P - PALMDALE,6F8,
STN,6F8S,6F8S - SANTA CLARITA,6F8,
BN,6H,6H - PORTLAND,6,
CO,6H1,6H1 - EUGENE,6H,
STN,6H1B,6H1B - BEND,6H1,
STN,6H1G,6H1G - COOS BAY,6H1,
STN,6H1K,6H1K - EUGENE,6H1,
STN,6H1L,6H1L - ALBANY,6H1,
STN,6H1S,6H1S - SPRINGFIELD,6H1,
STN,6H1V,6H1V - ROSEBURG,6H1,
CO,6H2,6H2 - VANCOUVER,6H,
STN,6H2A,6H2A - ASTORIA,6H2,
STN,6H2E,6H2E - VANCOUVER EAST,6H2,
STN,6H2G,6H2G - TIGARD,6H2,
STN,6H2H,6H2H - HILLSBORO,6H2,
STN,6H2P,6H2P - LONGVIEW,6H2,
STN,6H2Q,6H2Q - PORTLAND,6H2,
STN,6H2W,6H2W - VANCOUVER WEST,6H2,
CO,6H3,6H3 - MOUNT HOOD,6H,
STN,6H3C,6H3C - CANBY,6H3,
STN,6H3M,6H3M - OREGON CITY,6H3,
STN,6H3N,6H3N - MC MINNVILLE,6H3,
STN,6H3S,6H3S - THE DALLES,6H3,
STN,6H3T,6H3T - GRESHAM,6H3,
STN,6H3U,6H3U - SALEM,6H3,
CO,6H5,6H5 - HAWAII,6H,
STN,6H5B,6H5B - KONA,6H5,
STN,6H5D,6H5D - KAPIOLANI,6H5,
STN,6H5H,6H5H - HILO,6H5,
STN,6H5I,6H5I - KAUAI,6H5,
STN,6H5M,6H5M - WAHIAWA,6H5,
STN,6H5N,6H5N - KANEOHE,6H5,
STN,6H5P,6H5P - PEARL CITY,6H5,
STN,6H5S,6H5S - WAILUKU MAUI,6H5,
STN,6H5W,6H5W - KAPOLEI,6H5,
CO,6H7,6H7 - GUAM,6H,
STN,6H7B,6H7B - MICRONESIA,6H7,
STN,6H7G,6H7G - HAGATNA,6H7,
STN,6H7J,6H7J - OKINAWA,6H7,
STN,6H7K,6H7K - KOREA,6H7,
STN,6H7M,6H7M - JAPAN-MAINLAND,6H7,
STN,6H7N,6H7N - SAIPAN,6H7,
STN,6H7S,6H7S - SAMOA,6H7,
BN,6I,6I - NORCAL,6,
CO,6I0,6I0 - SIERRA NEVADA,6I,
STN,6I0C,6I0C - CARSON CITY,6I0,
STN,6I0F,6I0F - FALLON,6I0,
STN,6I0P,6I0P - SPARKS,6I0,
STN,6I0R,6I0R - RENO,6I0,
STN,6I0S,6I0S - SUSANVILLE,6I0,
CO,6I1,6I1 - REDDING,6I,
STN,6I1D,6I1D - CHICO,6I1,
STN,6I1E,6I1E - EUREKA,6I1,
STN,6I1K,6I1K - KLAMATH FALLS,6I1,
STN,6I1R,6I1R - REDDING,6I1,
STN,6I1S,6I1S - MEDFORD,6I1,
CO,6I3,6I3 - SACRAMENTO VALLEY,6I,
STN,6I3F,6I3F - FOLSOM,6I3,
STN,6I3G,6I3G - ROSEVILLE,6I3,
STN,6I3H,6I3H - YUBA CITY,6I3,
STN,6I3N,6I3N - AUBURN,6I3,
STN,6I3P,6I3P - PLACERVILLE,6I3,
STN,6I3V,6I3V - FAIR OAKS CA,6I3,
CO,6I4,6I4 - SAN JOAQUIN,6I,
STN,6I4J,6I4J - MODESTO,6I4,
STN,6I4M,6I4M - MANTECA,6I4,
STN,6I4S,6I4S - SONORA,6I4,
STN,6I4T,6I4T - TURLOCK,6I4,
STN,6I4V,6I4V - STOCKTON,6I4,
CO,6I5,6I5 - CAPITAL,6I,
STN,6I5A,6I5A - SACRAMENTO NORTH,6I5,
STN,6I5F,6I5F - SACRAMENTO SOUTH,6I5,
STN,6I5G,6I5G - ELK GROVE,6I5,
STN,6I5W,6I5W - WOODLAND,6I5,
CO,6I6,6I6 - NORTH BAY,6I,
STN,6I6F,6I6F - FAIRFIELD,6I6,
STN,6I6M,6I6M - SANTA ROSA,6I6,
STN,6I6N,6I6N - NOVATO,6I6,
STN,6I6P,6I6P - UKIAH,6I6,
STN,6I6S,6I6S - AMERICAN CANYON,6I6,
STN,6I6V,6I6V - VACAVILLE,6I6,
BN,6J,6J - MOUNTAIN WEST,6,
CO,6J1,6J1 - OGDEN,6J,
STN,6J1F,6J1F - IDAHO FALLS,6J1,
STN,6J1L,6J1L - OGDEN,6J1,
STN,6J1N,6J1N - LOGAN,6J1,
STN,6J1P,6J1P - POCATELLO,6J1,
STN,6J1R,6J1R - CLEARFIELD,6J1,
STN,6J1S,6J1S - ROCK SPRINGS,6J1,
CO,6J2,6J2 - SALT LAKE,6J,
STN,6J2B,6J2B - TAYLORSVILLE,6J2,
STN,6J2F,6J2F - PROVO,6J2,
STN,6J2H,6J2H - WEST JORDAN,6J2,
STN,6J2M,6J2M - AMERICAN FORK,6J2,
STN,6J2R,6J2R - SANDY,6J2,
STN,6J2W,6J2W - MURRAY,6J2,
CO,6J3,6J3 - MISSOULA,6J,
STN,6J3D,6J3D - BUTTE,6J3,
STN,6J3G,6J3G - GREAT FALLS,6J3,
STN,6J3M,6J3M - MISSOULA,6J3,
STN,6J3P,6J3P - HELENA,6J3,
STN,6J3W,6J3W - KALISPELL,6J3,
CO,6J4,6J4 - BOISE,6J,
STN,6J4A,6J4A - MERIDIAN,6J4,
STN,6J4B,6J4B - BOISE,6J4,
STN,6J4F,6J4F - ONTARIO,6J4,
STN,6J4L,6J4L - ELKO,6J4,
STN,6J4N,6J4N - NAMPA,6J4,
STN,6J4T,6J4T - TWIN FALLS,6J4,
CO,6J6,6J6 - LAS VEGAS,6J,
STN,6J6C,6J6C - CENTENNIAL HILLS,6J6,
STN,6J6D,6J6D - DECATUR,6J6,
STN,6J6G,6J6G - GREEN VALLEY,6J6,
STN,6J6L,6J6L - LIBERTY,6J6,
STN,6J6M,6J6M - SAHARA,6J6,
STN,6J6N,6J6N - NELLIS,6J6,
STN,6J6P,6J6P - SPRING VALLEY,6J6,
STN,6J6S,6J6S - ST GEORGE,6J6,
CO,6J9,6J9 - BIG HORN,6J,
STN,6J9A,6J9A - CASPER,6J9,
STN,6J9B,6J9B - BILLINGS,6J9,
STN,6J9C,6J9C - CODY,6J9,
STN,6J9D,6J9D - BOZEMAN,6J9,
STN,6J9G,6J9G - GILLETTE,6J9,
BN,6K,6K - SOUTHERN CAL,6,
CO,6K1,6K1 - REDLANDS,6K,
STN,6K1A,6K1A - BARSTOW,6K1,
STN,6K1D,6K1D - REDLANDS,6K1,
STN,6K1H,6K1H - HESPERIA,6K1,
STN,6K1I,6K1I - PALM DESERT,6K1,
STN,6K1S,6K1S - SAN BERNARDINO,6K1,
STN,6K1T,6K1T - YUCCA VALLEY,6K1,
STN,6K1V,6K1V - VICTORVILLE,6K1,
CO,6K2,6K2 - HUNTINGTON BEACH,6K,
STN,6K2B,6K2B - TUSTIN,6K2,
STN,6K2H,6K2H - HUNTINGTON BEACH,6K2,
STN,6K2L,6K2L - LAKE FOREST,6K2,
STN,6K2M,6K2M - MISSION VIEJO,6K2,
CO,6K3,6K3 - ANAHEIM,6K,
STN,6K3A,6K3A - ANAHEIM,6K3,
STN,6K3B,6K3B - BREA,6K3,
STN,6K3C,6K3C - CYPRESS,6K3,
STN,6K3G,6K3G - WESTMINSTER,6K3,
STN,6K3O,6K3O - ORANGE,6K3,
CO,6K4,6K4 - SAN DIEGO SOUTH,6K,
STN,6K4A,6K4A - IMPERIAL BEACH,6K4,
STN,6K4C,6K4C - NATIONAL CITY,6K4,
STN,6K4D,6K4D - CHULA VISTA,6K4,
STN,6K4H,6K4H - EL CAJON,6K4,
STN,6K4K,6K4K - EL CENTRO,6K4,
STN,6K4U,6K4U - UNIVERSITY,6K4,
CO,6K6,6K6 - TEMECULA,6K,
STN,6K6A,6K6A - HEMET,6K6,
STN,6K6B,6K6B - MENIFEE,6K6,
STN,6K6C,6K6C - MORENO VALLEY,6K6,
STN,6K6G,6K6G - TEMECULA,6K6,
STN,6K6M,6K6M - MURRIETA,6K6,
CO,6K7,6K7 - RIVERSIDE,6K,
STN,6K7A,6K7A - FONTANA,6K7,
STN,6K7B,6K7B - CHINO HILLS,6K7,
STN,6K7C,6K7C - CORONA,6K7,
STN,6K7N,6K7N - RIVERSIDE,6K7,
STN,6K7U,6K7U - UPLAND,6K7,
CO,6K8,6K8 - SAN DIEGO NORTH,6K,
STN,6K8B,6K8B - KEARNY MESA,6K8,
STN,6K8E,6K8E - ESCONDIDO,6K8,
STN,6K8O,6K8O - OCEANSIDE,6K8,
STN,6K8P,6K8P - POWAY,6K8,
STN,6K8S,6K8S - MIRA MESA,6K8,
STN,6K8V,6K8V - VISTA,6K8,
BN,6L,6L - SEATTLE,6,
CO,6L1,6L1 - EVERETT,6L,
STN,6L1D,6L1D - BELLINGHAM,6L1,
STN,6L1G,6L1G - EVERETT,6L1,
STN,6L1K,6L1K - LYNNWOOD,6L1,
STN,6L1M,6L1M - MONROE,6L1,
STN,6L1N,6L1N - BURLINGTON,6L1,
CO,6L2,6L2 - SEATTLE,6L,
STN,6L2B,6L2B - BELLEVUE,6L2,
STN,6L2C,6L2C - NORTH SEATTLE,6L2,
STN,6L2F,6L2F - TUKWILA,6L2,
STN,6L2K,6L2K - KENT,6L2,
CO,6L3,6L3 - SPOKANE,6L,
STN,6L3D,6L3D - HAYDEN,6L3,
STN,6L3L,6L3L - LEWISTON,6L3,
STN,6L3O,6L3O - SPOKANE VALLEY,6L3,
STN,6L3R,6L3R - SPOKANE NORTH,6L3,
STN,6L3W,6L3W - CHENEY,6L3,
CO,6L4,6L4 - TACOMA,6L,
STN,6L4A,6L4A - AUBURN,6L4,
STN,6L4B,6L4B - SPANAWAY,6L4,
STN,6L4P,6L4P - PUYALLUP,6L4,
STN,6L4V,6L4V - TACOMA MALL,6L4,
CO,6L5,6L5 - YAKIMA,6L,
STN,6L5C,6L5C - WALLA WALLA,6L5,
STN,6L5H,6L5H - KENNEWICK,6L5,
STN,6L5M,6L5M - MOSES LAKE,6L5,
STN,6L5R,6L5R - EAST WENATCHEE,6L5,
STN,6L5W,6L5W - YAKIMA,6L5,
CO,6L6,6L6 - ALASKA,6L,
STN,6L6A,6L6A - ANCHORAGE SOUTH,6L6,
STN,6L6B,6L6B - ANCHORAGE NORTH,6L6,
STN,6L6E,6L6E - WASILLA,6L6,
STN,6L6G,6L6G - FAIRBANKS,6L6,
STN,6L6S,6L6S - SOLDOTNA,6L6,
CO,6L7,6L7 - OLYMPIA,6L,
STN,6L7E,6L7E - SILVERDALE,6L7,
STN,6L7F,6L7F - GIG HARBOR,6L7,
STN,6L7L,6L7L - LACEY,6L7,
STN,6L7N,6L7N - CHEHALIS,6L7,
STN,6L7O,6L7O - OLYMPIA,6L7,
BN,6N,6N - CENTCAL,6,
CO,6N1,6N1 - FRESNO,6N,
STN,6N1A,6N1A - CLOVIS,6N1,
STN,6N1C,6N1C - MERCED,6N1,
STN,6N1F,6N1F - FRESNO,6N1,
STN,6N1H,6N1H - HANFORD,6N1,
STN,6N1M,6N1M - MADERA,6N1,
STN,6N1R,6N1R - VISALIA,6N1,
STN,6N1S,6N1S - SELMA,6N1,
CO,6N2,6N2 - BAKERSFIELD,6N,
STN,6N2A,6N2A - BAKERSFIELD WEST,6N2,
STN,6N2B,6N2B - BAKERSFIELD EAST,6N2,
STN,6N2C,6N2C - RIDGECREST,6N2,
STN,6N2O,6N2O - DELANO,6N2,
STN,6N2P,6N2P - PORTERVILLE,6N2,
CO,6N6,6N6 - GOLD COAST,6N,
STN,6N6B,6N6B - GOLETA,6N6,
STN,6N6G,6N6G - SAN LUIS OBISPO,6N6,
STN,6N6L,6N6L - LOMPOC,6N6,
STN,6N6N,6N6N - SANTA MARIA,6N6,
STN,6N6P,6N6P - PASO ROBLES,6N6,
CO,6N7,6N7 - SOUTH BAY,6N,
STN,6N7B,6N7B - SAN MATEO,6N7,
STN,6N7D,6N7D - DALY CITY,6N7,
STN,6N7G,6N7G - MOUNTAIN VIEW,6N7,
STN,6N7M,6N7M - GOLDEN GATE,6N7,
CO,6N8,6N8 - EAST BAY,6N,
STN,6N8A,6N8A - ALAMEDA,6N8,
STN,6N8D,6N8D - BRENTWOOD,6N8,
STN,6N8F,6N8F - FREMONT,6N8,
STN,6N8H,6N8H - PLEASANT HILL,6N8,
STN,6N8I,6N8I - HAYWARD,6N8,
STN,6N8L,6N8L - LIVERMORE,6N8,
STN,6N8R,6N8R - RICHMOND,6N8,
CO,6N9,6N9 - MONTEREY BAY,6N,
STN,6N9A,6N9A - ALMADEN,6N9,
STN,6N9C,6N9C - CAPITOLA,6N9,
STN,6N9D,6N9D - GILROY,6N9,
STN,6N9E,6N9E - SEASIDE,6N9,
STN,6N9M,6N9M - SAN JOSE EAST,6N9,
STN,6N9S,6N9S - SALINAS,6N9,
STN,6N9W,6N9W - SANTA CLARA,6N9,
