CMD,BDE,BN,CO,STN
USAREC,1ST BDE,1A - ALBANY,1A1 - ALBANY,1A1D - ALBANY
USAREC,1ST BDE,1A - ALBANY,1A1 - ALBANY,1A1G - JOHNSTOWN
USAREC,1ST BDE,1A - ALBANY,1A1 - ALBANY,1A1N - SARATOGA SPRINGS
USAREC,1ST BDE,1A - ALBANY,1A1 - ALBANY,1A1O - ONEONTA
USAREC,1ST BDE,1A - ALBANY,1A1 - ALBANY,1A1Q - SCHENECTADY
USAREC,1ST BDE,1A - ALBANY,1A1 - ALBANY,1A1W - CLIFTON PARK
USAREC,1ST BDE,1A - ALBANY,1A3 - BURLINGTON,1A3B - BARRE
USAREC,1ST BDE,1A - ALBANY,1A3 - BURLINGTON,1A3D - BURLINGTON
USAREC,1ST BDE,1A - ALBANY,1A3 - BURLINGTON,1A3L - GLENS FALLS
USAREC,1ST BDE,1A - ALBANY,1A3 - BURLINGTON,1A3P - PLATTSBURGH
USAREC,1ST BDE,1A - ALBANY,1A3 - BURLINGTON,1A3V - RUTLAND
USAREC,1ST BDE,1A - ALBANY,1A4 - SPRINGFIELD,1A4F - FITCHBURG
USAREC,1ST BDE,1A - ALBANY,1A4 - SPRINGFIELD,1A4H - SOUTH HADLEY
USAREC,1ST BDE,1A - ALBANY,1A4 - SPRINGFIELD,1A4T - SOUTHBRIDGE
USAREC,1ST BDE,1A - ALBANY,1A4 - SPRINGFIELD,1A4V - WORCESTER
USAREC,1ST BDE,1A - ALBANY,1A4 - SPRINGFIELD,1A4W - SPRINGFIELD MA
USAREC,1ST BDE,1A - ALBANY,1A5 - HARTFORD,1A5E - ENFIELD
USAREC,1ST BDE,1A - ALBANY,1A5 - HARTFORD,1A5F - HARTFORD
USAREC,1ST BDE,1A - ALBANY,1A5 - HARTFORD,1A5H - MANCHESTER CT
USAREC,1ST BDE,1A - ALBANY,1A5 - HARTFORD,1A5J - BRISTOL CT
USAREC,1ST BDE,1A - ALBANY,1A5 - HARTFORD,1A5L - MANSFIELD
USAREC,1ST BDE,1A - ALBANY,1A5 - HARTFORD,1A5T - TORRINGTON
USAREC,1ST BDE,1A - ALBANY,1A5 - HARTFORD,1A5W - WATERBURY
USAREC,1ST BDE,1A - ALBANY,1A6 - NEW HAVEN,1A6D - BRIDGEPORT CT
USAREC,1ST BDE,1A - ALBANY,1A6 - NEW HAVEN,1A6F - STAMFORD
USAREC,1ST BDE,1A - ALBANY,1A6 - NEW HAVEN,1A6K - NORWICH CT
USAREC,1ST BDE,1A - ALBANY,1A6 - NEW HAVEN,1A6L - MIDDLETOWN CT
USAREC,1ST BDE,1A - ALBANY,1A6 - NEW HAVEN,1A6N - NEW HAVEN
USAREC,1ST BDE,1A - ALBANY,1A6 - NEW HAVEN,1A6P - GROTON
USAREC,1ST BDE,1A - ALBANY,1A6 - NEW HAVEN,1A6R - DANBURY
USAREC,1ST BDE,1A - ALBANY,1A6 - NEW HAVEN,1A6W - ANSONIA
USAREC,1ST BDE,1A - ALBANY,1A8 - EUROPE,1A8G - GRAFENWOEHR
USAREC,1ST BDE,1A - ALBANY,1A8 - EUROPE,1A8H - WIESBADEN
USAREC,1ST BDE,1A - ALBANY,1A8 - EUROPE,1A8J - KAISERSLAUTERN
USAREC,1ST BDE,1A - ALBANY,1A8 - EUROPE,1A8M - STUTTGART
USAREC,1ST BDE,1A - ALBANY,1A8 - EUROPE,1A8V - VICENZA
USAREC,1ST BDE,1A - ALBANY,1A9 - BEAR MOUNTAIN,1A9A - KINGSTON
USAREC,1ST BDE,1A - ALBANY,1A9 - BEAR MOUNTAIN,1A9D - MIDDLETOWN NY
USAREC,1ST BDE,1A - ALBANY,1A9 - BEAR MOUNTAIN,1A9K - SPRING VALLEY
USAREC,1ST BDE,1A - ALBANY,1A9 - BEAR MOUNTAIN,1A9N - NEW WINDSOR
USAREC,1ST BDE,1A - ALBANY,1A9 - BEAR MOUNTAIN,1A9R - POUGHKEEPSIE
USAREC,1ST BDE,1A - ALBANY,1A9 - BEAR MOUNTAIN,1A9S - PEEKSKILL
USAREC,1ST BDE,1B - WASHINGTON (BALT),1B1 - COLUMBIA MD,1B1A - ROCKVILLE
USAREC,1ST BDE,1B - WASHINGTON (BALT),1B1 - COLUMBIA MD,1B1C - COLUMBIA MD
USAREC,1ST BDE,1B - WASHINGTON (BALT),1B1 - COLUMBIA MD,1B1D - GLEN BURNIE
USAREC,1ST BDE,1B - WASHINGTON (BALT),1B1 - COLUMBIA MD,1B1G - GAITHERSBURG
USAREC,1ST BDE,1B - WASHINGTON (BALT),1B1 - COLUMBIA MD,1B1L - ANNAPOLIS
USAREC,1ST BDE,1B - WASHINGTON (BALT),1B1 - COLUMBIA MD,1B1W - SILVER SPRING - DOWNTOWN
USAREC,1ST BDE,1B - WASHINGTON (BALT),1B2 - DELMARVA-SEAFORD,1B2A - GEORGETOWN
USAREC,1ST BDE,1B - WASHINGTON (BALT),1B2 - DELMARVA-SEAFORD,1B2B - SALISBURY MD
USAREC,1ST BDE,1B - WASHINGTON (BALT),1B2 - DELMARVA-SEAFORD,1B2C - EASTON MD
USAREC,1ST BDE,1B - WASHINGTON (BALT),1B2 - DELMARVA-SEAFORD,1B2D - DOVER DE
USAREC,1ST BDE,1B - WASHINGTON (BALT),1B2 - DELMARVA-SEAFORD,1B2K - NORTH EAST
USAREC,1ST BDE,1B - WASHINGTON (BALT),1B2 - DELMARVA-SEAFORD,1B2N - NEWARK DE-M
USAREC,1ST BDE,1B - WASHINGTON (BALT),1B2 - DELMARVA-SEAFORD,1B2W - WILMINGTON DE
USAREC,1ST BDE,1B - WASHINGTON (BALT),1B3 - BALTIMORE,1B3D - BEL AIR
USAREC,1ST BDE,1B - WASHINGTON (BALT),1B3 - BALTIMORE,1B3G - ROSEDALE
USAREC,1ST BDE,1B - WASHINGTON (BALT),1B3 - BALTIMORE,1B3H - CATONSVILLE
USAREC,1ST BDE,1B - WASHINGTON (BALT),1B3 - BALTIMORE,1B3M - MONDAWMIN MALL
USAREC,1ST BDE,1B - WASHINGTON (BALT),1B3 - BALTIMORE,1B3R - TOWSON
USAREC,1ST BDE,1B - WASHINGTON (BALT),1B3 - BALTIMORE,1B3W - WESTMINSTER
USAREC,1ST BDE,1B - WASHINGTON (BALT),1B5 - FREDERICK,1B5D - FREDERICK
USAREC,1ST BDE,1B - WASHINGTON (BALT),1B5 - FREDERICK,1B5G - HAGERSTOWN
USAREC,1ST BDE,1B - WASHINGTON (BALT),1B5 - FREDERICK,1B5H - FAIRFAX
USAREC,1ST BDE,1B - WASHINGTON (BALT),1B5 - FREDERICK,1B5J - STERLING
USAREC,1ST BDE,1B - WASHINGTON (BALT),1B5 - FREDERICK,1B5K - MARTINSBURG
USAREC,1ST BDE,1B - WASHINGTON (BALT),1B5 - FREDERICK,1B5P - MANASSAS
USAREC,1ST BDE,1B - WASHINGTON (BALT),1B5 - FREDERICK,1B5W - WINCHESTER
USAREC,1ST BDE,1B - WASHINGTON (BALT),1B6 - LANDOVER,1B6B - LAUREL
USAREC,1ST BDE,1B - WASHINGTON (BALT),1B6 - LANDOVER,1B6D - HYATTSVILLE
USAREC,1ST BDE,1B - WASHINGTON (BALT),1B6 - LANDOVER,1B6E - LEXINGTON PARK
USAREC,1ST BDE,1B - WASHINGTON (BALT),1B6 - LANDOVER,1B6F - WASHINGTON D.C.
USAREC,1ST BDE,1B - WASHINGTON (BALT),1B6 - LANDOVER,1B6L - OXON HILL
USAREC,1ST BDE,1B - WASHINGTON (BALT),1B6 - LANDOVER,1B6M - WALDORF
USAREC,1ST BDE,1B - WASHINGTON (BALT),1B6 - LANDOVER,1B6R - LARGO
USAREC,1ST BDE,1B - WASHINGTON (BALT),1B6 - LANDOVER,1B6S - PRINCE FREDERICK
USAREC,1ST BDE,1B - WASHINGTON (BALT),1B7 - POTOMAC,1B7B - ALEXANDRIA
USAREC,1ST BDE,1B - WASHINGTON (BALT),1B7 - POTOMAC,1B7C - CULPEPPER
USAREC,1ST BDE,1B - WASHINGTON (BALT),1B7 - POTOMAC,1B7F - ARLINGTON
USAREC,1ST BDE,1B - WASHINGTON (BALT),1B7 - POTOMAC,1B7H - FREDERICKSBURG
USAREC,1ST BDE,1B - WASHINGTON (BALT),1B7 - POTOMAC,1B7K - FALLS CHURCH
USAREC,1ST BDE,1B - WASHINGTON (BALT),1B7 - POTOMAC,1B7M - SPRINGFIELD
USAREC,1ST BDE,1B - WASHINGTON (BALT),1B7 - POTOMAC,1B7S - STAFFORD
USAREC,1ST BDE,1B - WASHINGTON (BALT),1B7 - POTOMAC,1B7W - WOODBRIDGE
USAREC,1ST BDE,1D - NEW ENGLAND,1D1 - MAINE,1D1A - AUBURN ME
USAREC,1ST BDE,1D - NEW ENGLAND,1D1 - MAINE,1D1D - AUGUSTA
USAREC,1ST BDE,1D - NEW ENGLAND,1D1 - MAINE,1D1G - BANGOR
USAREC,1ST BDE,1D - NEW ENGLAND,1D1 - MAINE,1D1N - SCARBOROUGH
USAREC,1ST BDE,1D - NEW ENGLAND,1D1 - MAINE,1D1V - WATERVILLE
USAREC,1ST BDE,1D - NEW ENGLAND,1D2 - NEW HAMPSHIRE,1D2A - LITTLETON
USAREC,1ST BDE,1D - NEW ENGLAND,1D2 - NEW HAMPSHIRE,1D2I - DOVER
USAREC,1ST BDE,1D - NEW ENGLAND,1D2 - NEW HAMPSHIRE,1D2J - CONCORD
USAREC,1ST BDE,1D - NEW ENGLAND,1D2 - NEW HAMPSHIRE,1D2K - KEENE
USAREC,1ST BDE,1D - NEW ENGLAND,1D2 - NEW HAMPSHIRE,1D2P - MANCHESTER
USAREC,1ST BDE,1D - NEW ENGLAND,1D2 - NEW HAMPSHIRE,1D2R - AMHERST
USAREC,1ST BDE,1D - NEW ENGLAND,1D4 - BOSTON METRO,1D4A - BOSTON METRO
USAREC,1ST BDE,1D - NEW ENGLAND,1D4 - BOSTON METRO,1D4F - MALDEN
USAREC,1ST BDE,1D - NEW ENGLAND,1D4 - BOSTON METRO,1D4R - ROSLINDALE
USAREC,1ST BDE,1D - NEW ENGLAND,1D4 - BOSTON METRO,1D4T - QUINCY
USAREC,1ST BDE,1D - NEW ENGLAND,1D5 - NORTH SHORE,1D5B - LOWELL
USAREC,1ST BDE,1D - NEW ENGLAND,1D5 - NORTH SHORE,1D5C - WALTHAM
USAREC,1ST BDE,1D - NEW ENGLAND,1D5 - NORTH SHORE,1D5E - FRAMINGHAM
USAREC,1ST BDE,1D - NEW ENGLAND,1D5 - NORTH SHORE,1D5G - METHUEN
USAREC,1ST BDE,1D - NEW ENGLAND,1D5 - NORTH SHORE,1D5L - PEABODY
USAREC,1ST BDE,1D - NEW ENGLAND,1D6 - RHODE ISLAND,1D6F - NORTH DARTMOUTH
USAREC,1ST BDE,1D - NEW ENGLAND,1D6 - RHODE ISLAND,1D6P - PROVIDENCE SOUTH
USAREC,1ST BDE,1D - NEW ENGLAND,1D6 - RHODE ISLAND,1D6V - WARWICK
USAREC,1ST BDE,1D - NEW ENGLAND,1D6 - RHODE ISLAND,1D6W - WOONSOCKET
USAREC,1ST BDE,1D - NEW ENGLAND,1D7 - SOUTH SHORE,1D7B - PLYMOUTH
USAREC,1ST BDE,1D - NEW ENGLAND,1D7 - SOUTH SHORE,1D7D - NORWOOD
USAREC,1ST BDE,1D - NEW ENGLAND,1D7 - SOUTH SHORE,1D7E - TAUNTON
USAREC,1ST BDE,1D - NEW ENGLAND,1D7 - SOUTH SHORE,1D7W - BROCKTON
USAREC,1ST BDE,1E - HARRISBURG,1E1 - GREENSBURG,1E1I - INDIANA
USAREC,1ST BDE,1E - HARRISBURG,1E1 - GREENSBURG,1E1J - JOHNSTOWN
USAREC,1ST BDE,1E - HARRISBURG,1E1 - GREENSBURG,1E1K - GREENSBURG
USAREC,1ST BDE,1E - HARRISBURG,1E1 - GREENSBURG,1E1T - UNIONTOWN
USAREC,1ST BDE,1E - HARRISBURG,1E2 - CARLISLE,1E2B - CHAMBERSBURG
USAREC,1ST BDE,1E - HARRISBURG,1E2 - CARLISLE,1E2F - MECHANICSBURG
USAREC,1ST BDE,1E - HARRISBURG,1E2 - CARLISLE,1E2H - HANOVER
USAREC,1ST BDE,1E - HARRISBURG,1E2 - CARLISLE,1E2V - YORK
USAREC,1ST BDE,1E - HARRISBURG,1E3 - HARRISBURG,1E3A - LANCASTER
USAREC,1ST BDE,1E - HARRISBURG,1E3 - HARRISBURG,1E3D - HARRISBURG
USAREC,1ST BDE,1E - HARRISBURG,1E3 - HARRISBURG,1E3L - LEBANON
USAREC,1ST BDE,1E - HARRISBURG,1E3 - HARRISBURG,1E3V - READING
USAREC,1ST BDE,1E - HARRISBURG,1E4 - CLARION,1E4A - BRADFORD
USAREC,1ST BDE,1E - HARRISBURG,1E4 - CLARION,1E4C - CLARION
USAREC,1ST BDE,1E - HARRISBURG,1E4 - CLARION,1E4F - FRANKLIN
USAREC,1ST BDE,1E - HARRISBURG,1E4 - CLARION,1E4S - DU BOIS
USAREC,1ST BDE,1E - HARRISBURG,1E5 - PITTSBURGH,1E5A - PITTS NO HILLS
USAREC,1ST BDE,1E - HARRISBURG,1E5 - PITTSBURGH,1E5G - MONROEVILLE
USAREC,1ST BDE,1E - HARRISBURG,1E5 - PITTSBURGH,1E5R - ROBINSON
USAREC,1ST BDE,1E - HARRISBURG,1E5 - PITTSBURGH,1E5S - SOUTH HILLS
USAREC,1ST BDE,1E - HARRISBURG,1E7 - STATE COLLEGE,1E7H - SELINGSGROVE
USAREC,1ST BDE,1E - HARRISBURG,1E7 - STATE COLLEGE,1E7J - STATE COLLEGE
USAREC,1ST BDE,1E - HARRISBURG,1E7 - STATE COLLEGE,1E7L - LEWISTOWN
USAREC,1ST BDE,1E - HARRISBURG,1E7 - STATE COLLEGE,1E7V - WILLIAMSPORT
USAREC,1ST BDE,1E - HARRISBURG,1E9 - LEHIGH VALLEY,1E9A - ALLENTOWN
USAREC,1ST BDE,1E - HARRISBURG,1E9 - LEHIGH VALLEY,1E9D - HAZLETON
USAREC,1ST BDE,1E - HARRISBURG,1E9 - LEHIGH VALLEY,1E9F - BETHLEHEM
USAREC,1ST BDE,1E - HARRISBURG,1E9 - LEHIGH VALLEY,1E9P - POTTSVILLE
USAREC,1ST BDE,1G - NEW YORK CTY,1G1 - BROOKLYN SOUTH,1G1B - SHEEPSHEAD BAY
USAREC,1ST BDE,1G - NEW YORK CTY,1G1 - BROOKLYN SOUTH,1G1C - BAYRIDGE
USAREC,1ST BDE,1G - NEW YORK CTY,1G1 - BROOKLYN SOUTH,1G1E - EAST BROOKLYN
USAREC,1ST BDE,1G - NEW YORK CTY,1G1 - BROOKLYN SOUTH,1G1F - FLATBUSH
USAREC,1ST BDE,1G - NEW YORK CTY,1G1 - BROOKLYN SOUTH,1G1S - SOUTH SHORE
USAREC,1ST BDE,1G - NEW YORK CTY,1G1 - BROOKLYN SOUTH,1G1T - STATEN ISLAND
USAREC,1ST BDE,1G - NEW YORK CTY,1G2 - BROOKLYN NORTH,1G2A - DOWNTOWN BROOKLYN
USAREC,1ST BDE,1G - NEW YORK CTY,1G2 - BROOKLYN NORTH,1G2C - MANHATTAN SOUTH
USAREC,1ST BDE,1G - NEW YORK CTY,1G2 - BROOKLYN NORTH,1G2E - LONG ISLAND CITY
USAREC,1ST BDE,1G - NEW YORK CTY,1G2 - BROOKLYN NORTH,1G2H - CROWN HEIGHTS
USAREC,1ST BDE,1G - NEW YORK CTY,1G2 - BROOKLYN NORTH,1G2R - RIDGEWOOD QUEENS
USAREC,1ST BDE,1G - NEW YORK CTY,1G2 - BROOKLYN NORTH,1G2T - NY TIMES SQUARE
USAREC,1ST BDE,1G - NEW YORK CTY,1G4 - SUFFOLK,1G4B - BAYSHORE
USAREC,1ST BDE,1G - NEW YORK CTY,1G4 - SUFFOLK,1G4M - PATCHOGUE
USAREC,1ST BDE,1G - NEW YORK CTY,1G4 - SUFFOLK,1G4P - SELDEN
USAREC,1ST BDE,1G - NEW YORK CTY,1G4 - SUFFOLK,1G4Q - SMITHTOWN
USAREC,1ST BDE,1G - NEW YORK CTY,1G4 - SUFFOLK,1G4R - RIVERHEAD
USAREC,1ST BDE,1G - NEW YORK CTY,1G5 - BRONX,1G5B - WESTCHESTER SQUARE
USAREC,1ST BDE,1G - NEW YORK CTY,1G5 - BRONX,1G5F - BRONX FORDHAM RD
USAREC,1ST BDE,1G - NEW YORK CTY,1G5 - BRONX,1G5G - NORTH BRONX
USAREC,1ST BDE,1G - NEW YORK CTY,1G5 - BRONX,1G5H - NY HARLEM
USAREC,1ST BDE,1G - NEW YORK CTY,1G5 - BRONX,1G5M - SOUTH BRONX
USAREC,1ST BDE,1G - NEW YORK CTY,1G5 - BRONX,1G5P - WHITE PLAINS
USAREC,1ST BDE,1G - NEW YORK CTY,1G5 - BRONX,1G5W - NY WASHINGTON HEIGHTS
USAREC,1ST BDE,1G - NEW YORK CTY,1G5 - BRONX,1G5Y - MOUNT VERNON
USAREC,1ST BDE,1G - NEW YORK CTY,1G6 - QUEENS,1G6E - ELMHURST
USAREC,1ST BDE,1G - NEW YORK CTY,1G6 - QUEENS,1G6F - FLUSHING
USAREC,1ST BDE,1G - NEW YORK CTY,1G6 - QUEENS,1G6M - JAMAICA
USAREC,1ST BDE,1G - NEW YORK CTY,1G6 - QUEENS,1G6P - RICHMOND HILL
USAREC,1ST BDE,1G - NEW YORK CTY,1G7 - NASSAU,1G7A - FREEPORT
USAREC,1ST BDE,1G - NEW YORK CTY,1G7 - NASSAU,1G7B - HEMPSTEAD
USAREC,1ST BDE,1G - NEW YORK CTY,1G7 - NASSAU,1G7C - HICKSVILLE
USAREC,1ST BDE,1G - NEW YORK CTY,1G7 - NASSAU,1G7G - LYNBROOK
USAREC,1ST BDE,1G - NEW YORK CTY,1G7 - NASSAU,1G7U - UNIVERSITY GARDENS
USAREC,1ST BDE,1K - MID-ATLANTIC,1K2 - SOUTH JERSEY,1K2C - CHERRY HILL
USAREC,1ST BDE,1K - MID-ATLANTIC,1K2 - SOUTH JERSEY,1K2E - SICKLERVILLE
USAREC,1ST BDE,1K - MID-ATLANTIC,1K2 - SOUTH JERSEY,1K2F - NORTHFIELD
USAREC,1ST BDE,1K - MID-ATLANTIC,1K2 - SOUTH JERSEY,1K2L - VINELAND
USAREC,1ST BDE,1K - MID-ATLANTIC,1K2 - SOUTH JERSEY,1K2W - WOODBURY
USAREC,1ST BDE,1K - MID-ATLANTIC,1K3 - VALLEY FORGE,1K3B - WEST CHESTER
USAREC,1ST BDE,1K - MID-ATLANTIC,1K3 - VALLEY FORGE,1K3C - LANSDALE
USAREC,1ST BDE,1K - MID-ATLANTIC,1K3 - VALLEY FORGE,1K3H - HOLMES
USAREC,1ST BDE,1K - MID-ATLANTIC,1K3 - VALLEY FORGE,1K3K - DOYLESTOWN
USAREC,1ST BDE,1K - MID-ATLANTIC,1K3 - VALLEY FORGE,1K3L - PLYMOUTH
USAREC,1ST BDE,1K - MID-ATLANTIC,1K3 - VALLEY FORGE,1K3P - POTTSTOWN
USAREC,1ST BDE,1K - MID-ATLANTIC,1K4 - CENTRAL JERSEY,1K4E - FREEHOLD
USAREC,1ST BDE,1K - MID-ATLANTIC,1K4 - CENTRAL JERSEY,1K4F - TINTON FALLS
USAREC,1ST BDE,1K - MID-ATLANTIC,1K4 - CENTRAL JERSEY,1K4M - MEDFORD
USAREC,1ST BDE,1K - MID-ATLANTIC,1K4 - CENTRAL JERSEY,1K4O - WILLINGBORO
USAREC,1ST BDE,1K - MID-ATLANTIC,1K4 - CENTRAL JERSEY,1K4S - TOMS RIVER
USAREC,1ST BDE,1K - MID-ATLANTIC,1K4 - CENTRAL JERSEY,1K4T - EWING
USAREC,1ST BDE,1K - MID-ATLANTIC,1K6 - PHILADELPHIA METRO,1K6A - UPPER DARBY
USAREC,1ST BDE,1K - MID-ATLANTIC,1K6 - PHILADELPHIA METRO,1K6C - COTTMAN AVE
USAREC,1ST BDE,1K - MID-ATLANTIC,1K6 - PHILADELPHIA METRO,1K6E - CENTER CITY
USAREC,1ST BDE,1K - MID-ATLANTIC,1K6 - PHILADELPHIA METRO,1K6L - LANGHORNE
USAREC,1ST BDE,1K - MID-ATLANTIC,1K6 - PHILADELPHIA METRO,1K6W - NORTHEAST PHILADELPHIA
USAREC,1ST BDE,1K - MID-ATLANTIC,1K7 - NORTH JERSEY,1K7B - EAST BRUNSWICK
USAREC,1ST BDE,1K - MID-ATLANTIC,1K7 - NORTH JERSEY,1K7E - ELIZABETH
USAREC,1ST BDE,1K - MID-ATLANTIC,1K7 - NORTH JERSEY,1K7H - HACKETTSTOWN
USAREC,1ST BDE,1K - MID-ATLANTIC,1K7 - NORTH JERSEY,1K7M - MORRISTOWN NJ
USAREC,1ST BDE,1K - MID-ATLANTIC,1K7 - NORTH JERSEY,1K7N - NEWTON
USAREC,1ST BDE,1K - MID-ATLANTIC,1K7 - NORTH JERSEY,1K7P - PLAINFIELD
USAREC,1ST BDE,1K - MID-ATLANTIC,1K7 - NORTH JERSEY,1K7S - SOMERVILLE
USAREC,1ST BDE,1K - MID-ATLANTIC,1K7 - NORTH JERSEY,1K7V - EDISON
USAREC,1ST BDE,1K - MID-ATLANTIC,1K8 - NEWARK,1K8H - HACKENSACK
USAREC,1ST BDE,1K - MID-ATLANTIC,1K8 - NEWARK,1K8J - JERSEY CITY
USAREC,1ST BDE,1K - MID-ATLANTIC,1K8 - NEWARK,1K8K - NEWARK
USAREC,1ST BDE,1K - MID-ATLANTIC,1K8 - NEWARK,1K8M - BLOOMFIELD
USAREC,1ST BDE,1K - MID-ATLANTIC,1K8 - NEWARK,1K8N - UNION CITY
USAREC,1ST BDE,1K - MID-ATLANTIC,1K8 - NEWARK,1K8O - EAST ORANGE
USAREC,1ST BDE,1K - MID-ATLANTIC,1K8 - NEWARK,1K8P - PATERSON
USAREC,1ST BDE,1N - SYRACUSE,1N2 - SYRACUSE,1N2C - CORTLAND
USAREC,1ST BDE,1N - SYRACUSE,1N2 - SYRACUSE,1N2D - AUBURN
USAREC,1ST BDE,1N - SYRACUSE,1N2 - SYRACUSE,1N2J - MATTYDALE
USAREC,1ST BDE,1N - SYRACUSE,1N2 - SYRACUSE,1N2O - OSWEGO
USAREC,1ST BDE,1N - SYRACUSE,1N3 - FT DRUM,1N3P - POTSDAM
USAREC,1ST BDE,1N - SYRACUSE,1N3 - FT DRUM,1N3S - NEW HARTFORD
USAREC,1ST BDE,1N - SYRACUSE,1N3 - FT DRUM,1N3V - WATERTOWN
USAREC,1ST BDE,1N - SYRACUSE,1N4 - BUFFALO,1N4A - CHEEKTOWAGA
USAREC,1ST BDE,1N - SYRACUSE,1N4 - BUFFALO,1N4L - NIAGARA FALLS
USAREC,1ST BDE,1N - SYRACUSE,1N4 - BUFFALO,1N4S - WEST SENECA
USAREC,1ST BDE,1N - SYRACUSE,1N4 - BUFFALO,1N4V - TONAWANDA
USAREC,1ST BDE,1N - SYRACUSE,1N5 - SOUTHERN TIER,1N5E - VESTAL
USAREC,1ST BDE,1N - SYRACUSE,1N5 - SOUTHERN TIER,1N5J - JAMESTOWN
USAREC,1ST BDE,1N - SYRACUSE,1N5 - SOUTHERN TIER,1N5R - OLEAN
USAREC,1ST BDE,1N - SYRACUSE,1N5 - SOUTHERN TIER,1N5T - HORSEHEADS
USAREC,1ST BDE,1N - SYRACUSE,1N6 - ROCHESTER,1N6B - BATAVIA
USAREC,1ST BDE,1N - SYRACUSE,1N6 - ROCHESTER,1N6J - GREECE
USAREC,1ST BDE,1N - SYRACUSE,1N6 - ROCHESTER,1N6V - HENRIETTA
USAREC,1ST BDE,1N - SYRACUSE,1N6 - ROCHESTER,1N6W - WEBSTER
USAREC,1ST BDE,1N - SYRACUSE,1N8 - WILKES BARRE,1N8P - SCRANTON
USAREC,1ST BDE,1N - SYRACUSE,1N8 - WILKES BARRE,1N8T - TOWANDA
USAREC,1ST BDE,1N - SYRACUSE,1N8 - WILKES BARRE,1N8V - WILKES BARRE
USAREC,1ST BDE,1N - SYRACUSE,1N8 - WILKES BARRE,1N8X - STROUDSBURG
USAREC,1ST BDE,1O - RICHMOND,1O1 - BLACKSBURG,1O1A - PRINCETON
USAREC,1ST BDE,1O - RICHMOND,1O1 - BLACKSBURG,1O1B - BECKLEY
USAREC,1ST BDE,1O - RICHMOND,1O1 - BLACKSBURG,1O1D - WYTHEVILLE
USAREC,1ST BDE,1O - RICHMOND,1O1 - BLACKSBURG,1O1H - MARTINSVILLE
USAREC,1ST BDE,1O - RICHMOND,1O1 - BLACKSBURG,1O1I - CHRISTIANSBURG
USAREC,1ST BDE,1O - RICHMOND,1O1 - BLACKSBURG,1O1J - ROANOKE
USAREC,1ST BDE,1O - RICHMOND,1O4 - LYNCHBURG,1O4A - LYNCHBURG
USAREC,1ST BDE,1O - RICHMOND,1O4 - LYNCHBURG,1O4B - STAUNTON
USAREC,1ST BDE,1O - RICHMOND,1O4 - LYNCHBURG,1O4C - DANVILLE
USAREC,1ST BDE,1O - RICHMOND,1O4 - LYNCHBURG,1O4H - HARRISONBURG
USAREC,1ST BDE,1O - RICHMOND,1O4 - LYNCHBURG,1O4K - CHARLOTTESVILLE
USAREC,1ST BDE,1O - RICHMOND,1O5 - RICHMOND,1O5A - RICHMOND EAST
USAREC,1ST BDE,1O - RICHMOND,1O5 - RICHMOND,1O5B - RICHMOND WEST
USAREC,1ST BDE,1O - RICHMOND,1O5 - RICHMOND,1O5D - COLONIAL HEIGHTS
USAREC,1ST BDE,1O - RICHMOND,1O5 - RICHMOND,1O5E - RCHMND CHSTRFLD
USAREC,1ST BDE,1O - RICHMOND,1O5 - RICHMOND,1O5F - IRONBRIDGE
USAREC,1ST BDE,1O - RICHMOND,1O5 - RICHMOND,1O5H - MECHANICSVILLE
USAREC,1ST BDE,1O - RICHMOND,1O6 - BRIDGEPORT,1O6D - CLARKSBURG
USAREC,1ST BDE,1O - RICHMOND,1O6 - BRIDGEPORT,1O6F - LAVALE
USAREC,1ST BDE,1O - RICHMOND,1O6 - BRIDGEPORT,1O6S - MORGANTOWN
USAREC,1ST BDE,1O - RICHMOND,1O6 - BRIDGEPORT,1O6W - WHEELING
USAREC,1ST BDE,1O - RICHMOND,1O8 - JAMES RIVER,1O8B - SUFFOLK
USAREC,1ST BDE,1O - RICHMOND,1O8 - JAMES RIVER,1O8D - DENBIGH
USAREC,1ST BDE,1O - RICHMOND,1O8 - JAMES RIVER,1O8G - NEWPORT NEWS
USAREC,1ST BDE,1O - RICHMOND,1O8 - JAMES RIVER,1O8W - WILLIAMSBURG
USAREC,1ST BDE,1O - RICHMOND,1O9 - NORFOLK,1O9A - LYNNHAVEN
USAREC,1ST BDE,1O - RICHMOND,1O9 - NORFOLK,1O9B - LANDSTOWN
USAREC,1ST BDE,1O - RICHMOND,1O9 - NORFOLK,1O9C - CHESAPEAKE
USAREC,1ST BDE,1O - RICHMOND,1O9 - NORFOLK,1O9E - NORFOLK
USAREC,1ST BDE,1O - RICHMOND,1O9 - NORFOLK,1O9H - PORTSMOUTH
USAREC,1ST BDE,1O - RICHMOND,1O9 - NORFOLK,1O9J - VIRGINIA BEACH
USAREC,1ST BDE,1O - RICHMOND,1O9 - NORFOLK,1O9N - LITTLE CREEK
USAREC,2ND BDE,3A - ATLANTA,3A2 - ATLANTA,3A2B - JONESBORO
USAREC,2ND BDE,3A - ATLANTA,3A2 - ATLANTA,3A2D - ATLANTA WEST
USAREC,2ND BDE,3A - ATLANTA,3A2 - ATLANTA,3A2E - MIDTOWN
USAREC,2ND BDE,3A - ATLANTA,3A2 - ATLANTA,3A2M - STONE MOUNTAIN
USAREC,2ND BDE,3A - ATLANTA,3A2 - ATLANTA,3A2P - DULUTH
USAREC,2ND BDE,3A - ATLANTA,3A2 - ATLANTA,3A2S - TUCKER
USAREC,2ND BDE,3A - ATLANTA,3A2 - ATLANTA,3A2T - ROSWELL
USAREC,2ND BDE,3A - ATLANTA,3A3 - ATHENS,3A3A - TOCCOA
USAREC,2ND BDE,3A - ATLANTA,3A3 - ATHENS,3A3B - COMMERCE
USAREC,2ND BDE,3A - ATLANTA,3A3 - ATHENS,3A3D - ATHENS GA
USAREC,2ND BDE,3A - ATLANTA,3A3 - ATHENS,3A3G - LAWRENCEVILLE
USAREC,2ND BDE,3A - ATLANTA,3A3 - ATHENS,3A3K - GAINESVILLE - S
USAREC,2ND BDE,3A - ATLANTA,3A3 - ATHENS,3A3U - BUFORD
USAREC,2ND BDE,3A - ATLANTA,3A3 - ATHENS,3A3W - CUMMING
USAREC,2ND BDE,3A - ATLANTA,3A5 - MARIETTA,3A5A - WOODSTOCK
USAREC,2ND BDE,3A - ATLANTA,3A5 - MARIETTA,3A5B - ROME
USAREC,2ND BDE,3A - ATLANTA,3A5 - MARIETTA,3A5C - HIRAM
USAREC,2ND BDE,3A - ATLANTA,3A5 - MARIETTA,3A5G - SMYRNA
USAREC,2ND BDE,3A - ATLANTA,3A5 - MARIETTA,3A5J - DOUGLASVILLE
USAREC,2ND BDE,3A - ATLANTA,3A5 - MARIETTA,3A5R - KENNSAW
USAREC,2ND BDE,3A - ATLANTA,3A5 - MARIETTA,3A5U - CARTERSVILLE
USAREC,2ND BDE,3A - ATLANTA,3A6 - PEACHTREE CITY,3A6A - CONYERS
USAREC,2ND BDE,3A - ATLANTA,3A6 - PEACHTREE CITY,3A6B - CARROLLTON
USAREC,2ND BDE,3A - ATLANTA,3A6 - PEACHTREE CITY,3A6D - GRIFFIN
USAREC,2ND BDE,3A - ATLANTA,3A6 - PEACHTREE CITY,3A6L - LA GRANGE
USAREC,2ND BDE,3A - ATLANTA,3A6 - PEACHTREE CITY,3A6N - NEWNAN
USAREC,2ND BDE,3A - ATLANTA,3A6 - PEACHTREE CITY,3A6S - MCDONOUGH
USAREC,2ND BDE,3A - ATLANTA,3A7 - CHATTANOOGA,3A7B - HIXSON
USAREC,2ND BDE,3A - ATLANTA,3A7 - CHATTANOOGA,3A7C - CHATTANOOGA EAST
USAREC,2ND BDE,3A - ATLANTA,3A7 - CHATTANOOGA,3A7E - CLEVELAND
USAREC,2ND BDE,3A - ATLANTA,3A7 - CHATTANOOGA,3A7F - MANCHESTER
USAREC,2ND BDE,3A - ATLANTA,3A7 - CHATTANOOGA,3A7G - BLUE RIDGE
USAREC,2ND BDE,3A - ATLANTA,3A7 - CHATTANOOGA,3A7H - DALTON
USAREC,2ND BDE,3A - ATLANTA,3A9 - WARNER ROBINS,3A9A - DUBLIN
USAREC,2ND BDE,3A - ATLANTA,3A9 - WARNER ROBINS,3A9B - MILLEDGEVILLE
USAREC,2ND BDE,3A - ATLANTA,3A9 - WARNER ROBINS,3A9C - MACON
USAREC,2ND BDE,3A - ATLANTA,3A9 - WARNER ROBINS,3A9D - COLUMBUS WEST
USAREC,2ND BDE,3A - ATLANTA,3A9 - WARNER ROBINS,3A9F - WARNER ROBINS
USAREC,2ND BDE,3D - COLUMBIA,3D1 - AUGUSTA,3D1A - AUGUSTA
USAREC,2ND BDE,3D - COLUMBIA,3D1 - AUGUSTA,3D1B - EVANS
USAREC,2ND BDE,3D - COLUMBIA,3D1 - AUGUSTA,3D1C - GREENWOOD
USAREC,2ND BDE,3D - COLUMBIA,3D1 - AUGUSTA,3D1K - AIKEN
USAREC,2ND BDE,3D - COLUMBIA,3D1 - AUGUSTA,3D1O - ORANGEBURG
USAREC,2ND BDE,3D - COLUMBIA,3D2 - COLUMBIA SC,3D2A - DENTSVILLE
USAREC,2ND BDE,3D - COLUMBIA,3D2 - COLUMBIA SC,3D2B - IRMO
USAREC,2ND BDE,3D - COLUMBIA,3D2 - COLUMBIA SC,3D2C - LEXINGTON
USAREC,2ND BDE,3D - COLUMBIA,3D2 - COLUMBIA SC,3D2E - SANDHILL
USAREC,2ND BDE,3D - COLUMBIA,3D2 - COLUMBIA SC,3D2N - ROCK HILL
USAREC,2ND BDE,3D - COLUMBIA,3D2 - COLUMBIA SC,3D2R - COLUMBIA
USAREC,2ND BDE,3D - COLUMBIA,3D4 - GREENVILLE SC,3D4A - CLEMSON
USAREC,2ND BDE,3D - COLUMBIA,3D4 - GREENVILLE SC,3D4B - EASLEY
USAREC,2ND BDE,3D - COLUMBIA,3D4 - GREENVILLE SC,3D4C - SIMPSONVILLE
USAREC,2ND BDE,3D - COLUMBIA,3D4 - GREENVILLE SC,3D4D - ANDERSON
USAREC,2ND BDE,3D - COLUMBIA,3D4 - GREENVILLE SC,3D4K - GREENVILLE
USAREC,2ND BDE,3D - COLUMBIA,3D4 - GREENVILLE SC,3D4V - SPARTANBURG
USAREC,2ND BDE,3D - COLUMBIA,3D6 - ASHEVILLE,3D6A - SYLVA
USAREC,2ND BDE,3D - COLUMBIA,3D6 - ASHEVILLE,3D6B - HENDERSONVILLE
USAREC,2ND BDE,3D - COLUMBIA,3D6 - ASHEVILLE,3D6C - ASHEVILLE
USAREC,2ND BDE,3D - COLUMBIA,3D6 - ASHEVILLE,3D6D - MORGANTON
USAREC,2ND BDE,3D - COLUMBIA,3D6 - ASHEVILLE,3D6E - HICKORY
USAREC,2ND BDE,3D - COLUMBIA,3D6 - ASHEVILLE,3D6W - SHELBY
USAREC,2ND BDE,3D - COLUMBIA,3D7 - FLORENCE,3D7A - GEORGETOWN
USAREC,2ND BDE,3D - COLUMBIA,3D7 - FLORENCE,3D7F - FLORENCE
USAREC,2ND BDE,3D - COLUMBIA,3D7 - FLORENCE,3D7M - MYRTLE BEACH
USAREC,2ND BDE,3D - COLUMBIA,3D7 - FLORENCE,3D7S - SUMTER
USAREC,2ND BDE,3D - COLUMBIA,3D9 - CHARLESTON,3D9A - NO CHARLESTON
USAREC,2ND BDE,3D - COLUMBIA,3D9 - CHARLESTON,3D9B - WEST ASHLEY
USAREC,2ND BDE,3D - COLUMBIA,3D9 - CHARLESTON,3D9C - SUMMERVILLE
USAREC,2ND BDE,3D - COLUMBIA,3D9 - CHARLESTON,3D9D - BEAUFORT
USAREC,2ND BDE,3E - JACKSONVILLE,3E1 - JACKSONVILLE,3E1A - JACKSONVILLE WEST
USAREC,2ND BDE,3E - JACKSONVILLE,3E1 - JACKSONVILLE,3E1B - MANDARIN
USAREC,2ND BDE,3E - JACKSONVILLE,3E1 - JACKSONVILLE,3E1G - JACKSONVL NO
USAREC,2ND BDE,3E - JACKSONVILLE,3E1 - JACKSONVILLE,3E1H - ORANGE PARK
USAREC,2ND BDE,3E - JACKSONVILLE,3E1 - JACKSONVILLE,3E1P - JACKSONVL SO
USAREC,2ND BDE,3E - JACKSONVILLE,3E3 - GAINESVILLE,3E3F - LAKE CITY
USAREC,2ND BDE,3E - JACKSONVILLE,3E3 - GAINESVILLE,3E3L - TALLAHASSEE WEST
USAREC,2ND BDE,3E - JACKSONVILLE,3E3 - GAINESVILLE,3E3M - TALLAHASSEE EAST
USAREC,2ND BDE,3E - JACKSONVILLE,3E3 - GAINESVILLE,3E3R - OCALA
USAREC,2ND BDE,3E - JACKSONVILLE,3E3 - GAINESVILLE,3E3U - GAINESVILLE
USAREC,2ND BDE,3E - JACKSONVILLE,3E4 - SAVANNAH,3E4A - VIDALIA
USAREC,2ND BDE,3E - JACKSONVILLE,3E4 - SAVANNAH,3E4B - BRUNSWICK
USAREC,2ND BDE,3E - JACKSONVILLE,3E4 - SAVANNAH,3E4E - STATESBORO
USAREC,2ND BDE,3E - JACKSONVILLE,3E4 - SAVANNAH,3E4G - HINESVILLE
USAREC,2ND BDE,3E - JACKSONVILLE,3E4 - SAVANNAH,3E4K - POOLER
USAREC,2ND BDE,3E - JACKSONVILLE,3E5 - VALDOSTA,3E5A - ALBANY
USAREC,2ND BDE,3E - JACKSONVILLE,3E5 - VALDOSTA,3E5C - WAYCROSS
USAREC,2ND BDE,3E - JACKSONVILLE,3E5 - VALDOSTA,3E5D - THOMASVILLE
USAREC,2ND BDE,3E - JACKSONVILLE,3E5 - VALDOSTA,3E5N - VALDOSTA
USAREC,2ND BDE,3E - JACKSONVILLE,3E5 - VALDOSTA,3E5S - TIFTON
USAREC,2ND BDE,3E - JACKSONVILLE,3E9 - DAYTONA,3E9A - PALATKA
USAREC,2ND BDE,3E - JACKSONVILLE,3E9 - DAYTONA,3E9B - DAYTONA BEACH
USAREC,2ND BDE,3E - JACKSONVILLE,3E9 - DAYTONA,3E9C - ST AUGUSTINE
USAREC,2ND BDE,3E - JACKSONVILLE,3E9 - DAYTONA,3E9D - ORANGE CITY
USAREC,2ND BDE,3G - MIAMI,3G1 - MIAMI,3G1D - HOMESTEAD
USAREC,2ND BDE,3G - MIAMI,3G1 - MIAMI,3G1E - MIAMI-KENDALL
USAREC,2ND BDE,3G - MIAMI,3G1 - MIAMI,3G1G - PERRINE
USAREC,2ND BDE,3G - MIAMI,3G1 - MIAMI,3G1N - NORTH MIAMI BEACH
USAREC,2ND BDE,3G - MIAMI,3G1 - MIAMI,3G1P - HIALEAH
USAREC,2ND BDE,3G - MIAMI,3G1 - MIAMI,3G1R - MIAMI-DOWNTOWN
USAREC,2ND BDE,3G - MIAMI,3G1 - MIAMI,3G1S - MIAMI SOUTH
USAREC,2ND BDE,3G - MIAMI,3G3 - FT LAUDERDALE,3G3A - CENTRAL PARK
USAREC,2ND BDE,3G - MIAMI,3G3 - FT LAUDERDALE,3G3F - MARGATE
USAREC,2ND BDE,3G - MIAMI,3G3 - FT LAUDERDALE,3G3M - LAUDERHILL
USAREC,2ND BDE,3G - MIAMI,3G3 - FT LAUDERDALE,3G3S - HOLLYWOOD
USAREC,2ND BDE,3G - MIAMI,3G3 - FT LAUDERDALE,3G3T - PEMBROKE PINES
USAREC,2ND BDE,3G - MIAMI,3G5 - JUPITER,3G5B - JUPITER
USAREC,2ND BDE,3G - MIAMI,3G5 - JUPITER,3G5C - STUART
USAREC,2ND BDE,3G - MIAMI,3G5 - JUPITER,3G5D - DELRAY BEACH
USAREC,2ND BDE,3G - MIAMI,3G5 - JUPITER,3G5E - PORT ST LUCIE
USAREC,2ND BDE,3G - MIAMI,3G5 - JUPITER,3G5F - ROYAL PALM
USAREC,2ND BDE,3G - MIAMI,3G5 - JUPITER,3G5V - VERO BEACH
USAREC,2ND BDE,3G - MIAMI,3G5 - JUPITER,3G5W - LAKE WORTH
USAREC,2ND BDE,3G - MIAMI,3G6 - SAN JUAN,3G6C - CAGUAS
USAREC,2ND BDE,3G - MIAMI,3G6 - SAN JUAN,3G6D - BAYAMON
USAREC,2ND BDE,3G - MIAMI,3G6 - SAN JUAN,3G6E - CAROLINA
USAREC,2ND BDE,3G - MIAMI,3G6 - SAN JUAN,3G6G - CAYEY
USAREC,2ND BDE,3G - MIAMI,3G6 - SAN JUAN,3G6H - HUMACAO
USAREC,2ND BDE,3G - MIAMI,3G6 - SAN JUAN,3G6J - FAJARDO
USAREC,2ND BDE,3G - MIAMI,3G6 - SAN JUAN,3G6M - RIO PIEDRAS
USAREC,2ND BDE,3G - MIAMI,3G7 - AGUADILLA,3G7A - HATILLO
USAREC,2ND BDE,3G - MIAMI,3G7 - AGUADILLA,3G7G - AGUADILLA
USAREC,2ND BDE,3G - MIAMI,3G7 - AGUADILLA,3G7M - MAYAGUEZ
USAREC,2ND BDE,3G - MIAMI,3G7 - AGUADILLA,3G7P - PONCE
USAREC,2ND BDE,3G - MIAMI,3G7 - AGUADILLA,3G7R - BARCELONETA
USAREC,2ND BDE,3G - MIAMI,3G7 - AGUADILLA,3G7S - ST THOMAS
USAREC,2ND BDE,3G - MIAMI,3G7 - AGUADILLA,3G7T - ST.CROIX
USAREC,2ND BDE,3G - MIAMI,3G7 - AGUADILLA,3G7V - SAN GERMAN
USAREC,2ND BDE,3H - MONTGOMERY,3H1 - BIRMINGHAM,3H1C - HOOVER
USAREC,2ND BDE,3H - MONTGOMERY,3H1 - BIRMINGHAM,3H1D - OXFORD
USAREC,2ND BDE,3H - MONTGOMERY,3H1 - BIRMINGHAM,3H1E - TALLADEGA
USAREC,2ND BDE,3H - MONTGOMERY,3H1 - BIRMINGHAM,3H1K - TUSCALOOSA
USAREC,2ND BDE,3H - MONTGOMERY,3H1 - BIRMINGHAM,3H1M - ALABASTER
USAREC,2ND BDE,3H - MONTGOMERY,3H1 - BIRMINGHAM,3H1N - EASTWOOD
USAREC,2ND BDE,3H - MONTGOMERY,3H1 - BIRMINGHAM,3H1R - JASPER
USAREC,2ND BDE,3H - MONTGOMERY,3H1 - BIRMINGHAM,3H1T - BESSEMER
USAREC,2ND BDE,3H - MONTGOMERY,3H2 - DOTHAN,3H2C - CRESTVIEW
USAREC,2ND BDE,3H - MONTGOMERY,3H2 - DOTHAN,3H2D - ANDALUSIA
USAREC,2ND BDE,3H - MONTGOMERY,3H2 - DOTHAN,3H2F - DOTHAN
USAREC,2ND BDE,3H - MONTGOMERY,3H2 - DOTHAN,3H2J - ENTERPRISE
USAREC,2ND BDE,3H - MONTGOMERY,3H2 - DOTHAN,3H2N - PANAMA CITY
USAREC,2ND BDE,3H - MONTGOMERY,3H2 - DOTHAN,3H2S - MARIANNA
USAREC,2ND BDE,3H - MONTGOMERY,3H2 - DOTHAN,3H2W - FT WALTON
USAREC,2ND BDE,3H - MONTGOMERY,3H4 - MOBILE,3H4A - PACE
USAREC,2ND BDE,3H - MONTGOMERY,3H4 - MOBILE,3H4C - PENSACOLA
USAREC,2ND BDE,3H - MONTGOMERY,3H4 - MOBILE,3H4E - MOBILE
USAREC,2ND BDE,3H - MONTGOMERY,3H4 - MOBILE,3H4H - MONROEVILLE
USAREC,2ND BDE,3H - MONTGOMERY,3H4 - MOBILE,3H4W - SPANISH FORT
USAREC,2ND BDE,3H - MONTGOMERY,3H5 - MONTGOMERY,3H5E - PRATTVILLE
USAREC,2ND BDE,3H - MONTGOMERY,3H5 - MONTGOMERY,3H5K - MONTGOMERY
USAREC,2ND BDE,3H - MONTGOMERY,3H5 - MONTGOMERY,3H5N - AUBURN
USAREC,2ND BDE,3H - MONTGOMERY,3H5 - MONTGOMERY,3H5R - SELMA
USAREC,2ND BDE,3H - MONTGOMERY,3H6 - HUNTSVILLE,3H6G - FORT PAYNE
USAREC,2ND BDE,3H - MONTGOMERY,3H6 - HUNTSVILLE,3H6K - DECATUR
USAREC,2ND BDE,3H - MONTGOMERY,3H6 - HUNTSVILLE,3H6L - CULLMAN
USAREC,2ND BDE,3H - MONTGOMERY,3H6 - HUNTSVILLE,3H6M - GUNTERSVILLE
USAREC,2ND BDE,3H - MONTGOMERY,3H6 - HUNTSVILLE,3H6N - SHOALS
USAREC,2ND BDE,3H - MONTGOMERY,3H6 - HUNTSVILLE,3H6O - RAINBOW CITY
USAREC,2ND BDE,3H - MONTGOMERY,3H6 - HUNTSVILLE,3H6T - HUNTSVILLE
USAREC,2ND BDE,3H - MONTGOMERY,3H6 - HUNTSVILLE,3H6V - HUNTSVILLE-MADISON
USAREC,2ND BDE,3J - RALEIGH,3J1 - FAYETTEVILLE,3J1B - HOPE MILLS
USAREC,2ND BDE,3J - RALEIGH,3J1 - FAYETTEVILLE,3J1C - SPRING LAKE
USAREC,2ND BDE,3J - RALEIGH,3J1 - FAYETTEVILLE,3J1G - FAYETTEVILLE
USAREC,2ND BDE,3J - RALEIGH,3J1 - FAYETTEVILLE,3J1K - LUMBERTON
USAREC,2ND BDE,3J - RALEIGH,3J1 - FAYETTEVILLE,3J1M - SANFORD
USAREC,2ND BDE,3J - RALEIGH,3J1 - FAYETTEVILLE,3J1R - ABERDEEN
USAREC,2ND BDE,3J - RALEIGH,3J2 - GREENVILLE NC,3J2E - ELIZABETH CITY
USAREC,2ND BDE,3J - RALEIGH,3J2 - GREENVILLE NC,3J2G - GOLDSBORO
USAREC,2ND BDE,3J - RALEIGH,3J2 - GREENVILLE NC,3J2J - GREENVILLE
USAREC,2ND BDE,3J - RALEIGH,3J2 - GREENVILLE NC,3J2S - SMITHFIELD
USAREC,2ND BDE,3J - RALEIGH,3J2 - GREENVILLE NC,3J2W - ROCKY MOUNT
USAREC,2ND BDE,3J - RALEIGH,3J3 - RALEIGH,3J3B - BURLINGTON NC
USAREC,2ND BDE,3J - RALEIGH,3J3 - RALEIGH,3J3C - GARNER
USAREC,2ND BDE,3J - RALEIGH,3J3 - RALEIGH,3J3F - DURHAM
USAREC,2ND BDE,3J - RALEIGH,3J3 - RALEIGH,3J3G - CARY
USAREC,2ND BDE,3J - RALEIGH,3J3 - RALEIGH,3J3H - WAKE FOREST
USAREC,2ND BDE,3J - RALEIGH,3J3 - RALEIGH,3J3M - RALEIGH MAIN
USAREC,2ND BDE,3J - RALEIGH,3J3 - RALEIGH,3J3V - CHAPEL HILL
USAREC,2ND BDE,3J - RALEIGH,3J5 - WINSTON SALEM,3J5A - MOUNT AIRY
USAREC,2ND BDE,3J - RALEIGH,3J5 - WINSTON SALEM,3J5C - REIDSVILLE
USAREC,2ND BDE,3J - RALEIGH,3J5 - WINSTON SALEM,3J5D - GREENSBORO
USAREC,2ND BDE,3J - RALEIGH,3J5 - WINSTON SALEM,3J5E - ASHEBORO
USAREC,2ND BDE,3J - RALEIGH,3J5 - WINSTON SALEM,3J5H - THOMASVILLE
USAREC,2ND BDE,3J - RALEIGH,3J5 - WINSTON SALEM,3J5V - WINSTON SALEM
USAREC,2ND BDE,3J - RALEIGH,3J5 - WINSTON SALEM,3J5W - WILKESBORO
USAREC,2ND BDE,3J - RALEIGH,3J6 - WILMINGTON NC,3J6D - CLINTON
USAREC,2ND BDE,3J - RALEIGH,3J6 - WILMINGTON NC,3J6H - HAVELOCK
USAREC,2ND BDE,3J - RALEIGH,3J6 - WILMINGTON NC,3J6J - JACKSONVILLE
USAREC,2ND BDE,3J - RALEIGH,3J6 - WILMINGTON NC,3J6N - NEW BERN
USAREC,2ND BDE,3J - RALEIGH,3J6 - WILMINGTON NC,3J6P - KINSTON
USAREC,2ND BDE,3J - RALEIGH,3J6 - WILMINGTON NC,3J6W - WILMINGTON NC
USAREC,2ND BDE,3J - RALEIGH,3J9 - CHARLOTTE,3J9A - KANNAPOLIS
USAREC,2ND BDE,3J - RALEIGH,3J9 - CHARLOTTE,3J9B - EAST TOWN
USAREC,2ND BDE,3J - RALEIGH,3J9 - CHARLOTTE,3J9C - GASTONIA
USAREC,2ND BDE,3J - RALEIGH,3J9 - CHARLOTTE,3J9H - HUNTERSVILLE
USAREC,2ND BDE,3J - RALEIGH,3J9 - CHARLOTTE,3J9M - MONROE
USAREC,2ND BDE,3J - RALEIGH,3J9 - CHARLOTTE,3J9P - SOUTH PARK
USAREC,2ND BDE,3J - RALEIGH,3J9 - CHARLOTTE,3J9S - SALISBURY
USAREC,2ND BDE,3J - RALEIGH,3J9 - CHARLOTTE,3J9V - STATESVILLE
USAREC,2ND BDE,3N - TAMPA,3N2 - SARASOTA,3N2B - BRADENTON
USAREC,2ND BDE,3N - TAMPA,3N2 - SARASOTA,3N2H - FORT MYERS
USAREC,2ND BDE,3N - TAMPA,3N2 - SARASOTA,3N2L - LEHIGH ACRES
USAREC,2ND BDE,3N - TAMPA,3N2 - SARASOTA,3N2N - NAPLES
USAREC,2ND BDE,3N - TAMPA,3N2 - SARASOTA,3N2P - PORT CHARLOTTE
USAREC,2ND BDE,3N - TAMPA,3N2 - SARASOTA,3N2R - SARASOTA
USAREC,2ND BDE,3N - TAMPA,3N3 - ORLANDO,3N3E - LEESBURG
USAREC,2ND BDE,3N - TAMPA,3N3 - ORLANDO,3N3G - OCOEE
USAREC,2ND BDE,3N - TAMPA,3N3 - ORLANDO,3N3P - ORLANDO COLONIAL
USAREC,2ND BDE,3N - TAMPA,3N3 - ORLANDO,3N3R - WINTER SPRINGS
USAREC,2ND BDE,3N - TAMPA,3N3 - ORLANDO,3N3S - ALTAMONTE SPRINGS
USAREC,2ND BDE,3N - TAMPA,3N3 - ORLANDO,3N3W - ORLANDO UNIVERSITY
USAREC,2ND BDE,3N - TAMPA,3N4 - TAMPA,3N4B - BRANDON
USAREC,2ND BDE,3N - TAMPA,3N4 - TAMPA,3N4D - TAMPA CENTRAL
USAREC,2ND BDE,3N - TAMPA,3N4 - TAMPA,3N4E - WESLEY CHAPEL
USAREC,2ND BDE,3N - TAMPA,3N4 - TAMPA,3N4F - TAMPA NORTH
USAREC,2ND BDE,3N - TAMPA,3N4 - TAMPA,3N4P - PLANT CITY
USAREC,2ND BDE,3N - TAMPA,3N5 - CENTRAL FLORIDA,3N5B - ROCKLEDGE
USAREC,2ND BDE,3N - TAMPA,3N5 - CENTRAL FLORIDA,3N5H - LAKELAND
USAREC,2ND BDE,3N - TAMPA,3N5 - CENTRAL FLORIDA,3N5M - MELBOURNE
USAREC,2ND BDE,3N - TAMPA,3N5 - CENTRAL FLORIDA,3N5O - KISSIMMEE
USAREC,2ND BDE,3N - TAMPA,3N5 - CENTRAL FLORIDA,3N5W - WINTER HAVEN
USAREC,2ND BDE,3N - TAMPA,3N6 - ST PETERSBURG,3N6B - BROOKSVILLE
USAREC,2ND BDE,3N - TAMPA,3N6 - ST PETERSBURG,3N6D - CLEARWATER
USAREC,2ND BDE,3N - TAMPA,3N6 - ST PETERSBURG,3N6J - INVERNESS
USAREC,2ND BDE,3N - TAMPA,3N6 - ST PETERSBURG,3N6L - LARGO
USAREC,2ND BDE,3N - TAMPA,3N6 - ST PETERSBURG,3N6P - PORT RICHEY
USAREC,2ND BDE,3N - TAMPA,3N6 - ST PETERSBURG,3N6T - ST PETERSBURG
USAREC,2ND BDE,3T - BATON ROUGE,3T1 - TUPELO,3T1C - COLUMBUS
USAREC,2ND BDE,3T - BATON ROUGE,3T1 - TUPELO,3T1J - JACKSON TN
USAREC,2ND BDE,3T - BATON ROUGE,3T1 - TUPELO,3T1K - CORINTH
USAREC,2ND BDE,3T - BATON ROUGE,3T1 - TUPELO,3T1M - MARTIN
USAREC,2ND BDE,3T - BATON ROUGE,3T1 - TUPELO,3T1O - OXFORD
USAREC,2ND BDE,3T - BATON ROUGE,3T1 - TUPELO,3T1T - TUPELO
USAREC,2ND BDE,3T - BATON ROUGE,3T2 - JACKSON MS,3T2B - LAKELAND
USAREC,2ND BDE,3T - BATON ROUGE,3T2 - JACKSON MS,3T2F - GREENVILLE
USAREC,2ND BDE,3T - BATON ROUGE,3T2 - JACKSON MS,3T2G - GREENWOOD
USAREC,2ND BDE,3T - BATON ROUGE,3T2 - JACKSON MS,3T2M - JACKSON METRO CT
USAREC,2ND BDE,3T - BATON ROUGE,3T2 - JACKSON MS,3T2N - NATCHEZ
USAREC,2ND BDE,3T - BATON ROUGE,3T2 - JACKSON MS,3T2P - PHILADELPHIA
USAREC,2ND BDE,3T - BATON ROUGE,3T4 - MEMPHIS,3T4A - MILLINGTON
USAREC,2ND BDE,3T - BATON ROUGE,3T4 - MEMPHIS,3T4L - CORDOVA
USAREC,2ND BDE,3T - BATON ROUGE,3T4 - MEMPHIS,3T4M - BARTLETT
USAREC,2ND BDE,3T - BATON ROUGE,3T4 - MEMPHIS,3T4N - MEMPHIS MIDTOWN
USAREC,2ND BDE,3T - BATON ROUGE,3T4 - MEMPHIS,3T4R - SOUTHAVEN
USAREC,2ND BDE,3T - BATON ROUGE,3T5 - BATON ROUGE,3T5C - CORTANA
USAREC,2ND BDE,3T - BATON ROUGE,3T5 - BATON ROUGE,3T5D - DENHAM SPRINGS
USAREC,2ND BDE,3T - BATON ROUGE,3T5 - BATON ROUGE,3T5G - GONZALES
USAREC,2ND BDE,3T - BATON ROUGE,3T5 - BATON ROUGE,3T5H - HAMMOND
USAREC,2ND BDE,3T - BATON ROUGE,3T5 - BATON ROUGE,3T5R - BLUEBONNET
USAREC,2ND BDE,3T - BATON ROUGE,3T6 - NEW ORLEANS,3T6C - MANDEVILLE
USAREC,2ND BDE,3T - BATON ROUGE,3T6 - NEW ORLEANS,3T6G - GRETNA
USAREC,2ND BDE,3T - BATON ROUGE,3T6 - NEW ORLEANS,3T6H - HOUMA
USAREC,2ND BDE,3T - BATON ROUGE,3T6 - NEW ORLEANS,3T6M - METAIRIE
USAREC,2ND BDE,3T - BATON ROUGE,3T6 - NEW ORLEANS,3T6N - NEW ORLEANS DT
USAREC,2ND BDE,3T - BATON ROUGE,3T6 - NEW ORLEANS,3T6S - SLIDELL
USAREC,2ND BDE,3T - BATON ROUGE,3T7 - HATTIESBURG,3T7A - HATTIESBURG
USAREC,2ND BDE,3T - BATON ROUGE,3T7 - HATTIESBURG,3T7B - LAUREL
USAREC,2ND BDE,3T - BATON ROUGE,3T7 - HATTIESBURG,3T7C - MCCOMB
USAREC,2ND BDE,3T - BATON ROUGE,3T7 - HATTIESBURG,3T7F - GULFPORT
USAREC,2ND BDE,3T - BATON ROUGE,3T7 - HATTIESBURG,3T7M - MERIDIAN
USAREC,2ND BDE,3T - BATON ROUGE,3T7 - HATTIESBURG,3T7P - GAUTIER
USAREC,2ND BDE,3T - BATON ROUGE,3T8 - LAFAYETTE,3T8B - LAKE CHARLES
USAREC,2ND BDE,3T - BATON ROUGE,3T8 - LAFAYETTE,3T8D - DERIDDER
USAREC,2ND BDE,3T - BATON ROUGE,3T8 - LAFAYETTE,3T8L - LAFAYETTE
USAREC,2ND BDE,3T - BATON ROUGE,3T8 - LAFAYETTE,3T8M - OPELOUSAS
USAREC,2ND BDE,3T - BATON ROUGE,3T8 - LAFAYETTE,3T8N - NEW IBERIA
USAREC,2ND BDE,3T - BATON ROUGE,3T9 - SHREVEPORT,3T9A - NATCHITOCHES
USAREC,2ND BDE,3T - BATON ROUGE,3T9 - SHREVEPORT,3T9B - BOSSIER CITY
USAREC,2ND BDE,3T - BATON ROUGE,3T9 - SHREVEPORT,3T9C - ALEXANDRIA
USAREC,2ND BDE,3T - BATON ROUGE,3T9 - SHREVEPORT,3T9M - MONROE
USAREC,2ND BDE,3T - BATON ROUGE,3T9 - SHREVEPORT,3T9R - RUSTON
USAREC,2ND BDE,3T - BATON ROUGE,3T9 - SHREVEPORT,3T9S - SHREVEPORT SOUTH
USAREC,3RD BDE,5A - CHICAGO,5A2 - HOMEWOOD,5A2C - OAK LAWN
USAREC,3RD BDE,5A - CHICAGO,5A2 - HOMEWOOD,5A2G - SCHERERVILLE
USAREC,3RD BDE,5A - CHICAGO,5A2 - HOMEWOOD,5A2K - BOURBONNAIS
USAREC,3RD BDE,5A - CHICAGO,5A2 - HOMEWOOD,5A2P - CHI HEIGHTS
USAREC,3RD BDE,5A - CHICAGO,5A2 - HOMEWOOD,5A2R - ORLAND PARK
USAREC,3RD BDE,5A - CHICAGO,5A3 - CHICAGO,5A3A - CHICAGO NORTH SIDE
USAREC,3RD BDE,5A - CHICAGO,5A3 - CHICAGO,5A3B - CHICAGO MIDTOWN
USAREC,3RD BDE,5A - CHICAGO,5A3 - CHICAGO,5A3C - NORTH CLYBOURN
USAREC,3RD BDE,5A - CHICAGO,5A3 - CHICAGO,5A3D - SOUTH SHORE CHICAGO
USAREC,3RD BDE,5A - CHICAGO,5A3 - CHICAGO,5A3N - CHICAGO SOUTH SIDE
USAREC,3RD BDE,5A - CHICAGO,5A3 - CHICAGO,5A3R - WEST ROOSEVELT
USAREC,3RD BDE,5A - CHICAGO,5A4 - GLENVIEW,5A4E - EVANSTON
USAREC,3RD BDE,5A - CHICAGO,5A4 - GLENVIEW,5A4M - MELROSE PARK
USAREC,3RD BDE,5A - CHICAGO,5A4 - GLENVIEW,5A4N - NORTH RIVERSIDE
USAREC,3RD BDE,5A - CHICAGO,5A4 - GLENVIEW,5A4U - MT PROSPECT
USAREC,3RD BDE,5A - CHICAGO,5A6 - LIBERTYVILLE,5A6C - CRYSTAL LAKE
USAREC,3RD BDE,5A - CHICAGO,5A6 - LIBERTYVILLE,5A6H - CARPENTERSVILLE
USAREC,3RD BDE,5A - CHICAGO,5A6 - LIBERTYVILLE,5A6R - ROUND LAKE BEACH
USAREC,3RD BDE,5A - CHICAGO,5A6 - LIBERTYVILLE,5A6S - SCHAUMBURG
USAREC,3RD BDE,5A - CHICAGO,5A6 - LIBERTYVILLE,5A6V - WAUKEGAN
USAREC,3RD BDE,5A - CHICAGO,5A7 - SOUTH BEND,5A7A - MERRILLVILLE
USAREC,3RD BDE,5A - CHICAGO,5A7 - SOUTH BEND,5A7B - ELKHART
USAREC,3RD BDE,5A - CHICAGO,5A7 - SOUTH BEND,5A7D - VALPARAISO
USAREC,3RD BDE,5A - CHICAGO,5A7 - SOUTH BEND,5A7E - MISHAWAKA
USAREC,3RD BDE,5A - CHICAGO,5A7 - SOUTH BEND,5A7W - WARSAW
USAREC,3RD BDE,5A - CHICAGO,5A8 - DOWNERS GROVE,5A8A - AURORA
USAREC,3RD BDE,5A - CHICAGO,5A8 - DOWNERS GROVE,5A8D - DOWNERS GROVE
USAREC,3RD BDE,5A - CHICAGO,5A8 - DOWNERS GROVE,5A8G - GLENDALE HEIGHTS
USAREC,3RD BDE,5A - CHICAGO,5A8 - DOWNERS GROVE,5A8J - CREST HILL
USAREC,3RD BDE,5C - CLEVELAND,5C1 - MEDINA,5C1E - ELYRIA
USAREC,3RD BDE,5C - CLEVELAND,5C1 - MEDINA,5C1J - CUYAHOGA FALLS
USAREC,3RD BDE,5C - CLEVELAND,5C1 - MEDINA,5C1M - BARBERTON
USAREC,3RD BDE,5C - CLEVELAND,5C1 - MEDINA,5C1N - MEDINA
USAREC,3RD BDE,5C - CLEVELAND,5C2 - CLEVELAND METRO,5C2A - ASHTABULA
USAREC,3RD BDE,5C - CLEVELAND,5C2 - CLEVELAND METRO,5C2B - LAKEWOOD
USAREC,3RD BDE,5C - CLEVELAND,5C2 - CLEVELAND METRO,5C2F - MENTOR
USAREC,3RD BDE,5C - CLEVELAND,5C2 - CLEVELAND METRO,5C2G - CLEVELAND HEIGHTS
USAREC,3RD BDE,5C - CLEVELAND,5C2 - CLEVELAND METRO,5C2V - MAPLE HEIGHTS
USAREC,3RD BDE,5C - CLEVELAND,5C2 - CLEVELAND METRO,5C2W - PARMA
USAREC,3RD BDE,5C - CLEVELAND,5C3 - NEW CASTLE,5C3B - BEAVER VALLEY
USAREC,3RD BDE,5C - CLEVELAND,5C3 - NEW CASTLE,5C3C - NEW CASTLE
USAREC,3RD BDE,5C - CLEVELAND,5C3 - NEW CASTLE,5C3H - MEADVILLE
USAREC,3RD BDE,5C - CLEVELAND,5C3 - NEW CASTLE,5C3N - ERIE-M
USAREC,3RD BDE,5C - CLEVELAND,5C3 - NEW CASTLE,5C3V - HERMITAGE
USAREC,3RD BDE,5C - CLEVELAND,5C4 - CANTON,5C4A - STEUBENVILLE
USAREC,3RD BDE,5C - CLEVELAND,5C4 - CANTON,5C4J - CANTON
USAREC,3RD BDE,5C - CLEVELAND,5C4 - CANTON,5C4U - NEW PHILADELPHIA
USAREC,3RD BDE,5C - CLEVELAND,5C4 - CANTON,5C4W - WOOSTER
USAREC,3RD BDE,5C - CLEVELAND,5C5 - MARION,5C5B - BELLEFONTAINE
USAREC,3RD BDE,5C - CLEVELAND,5C5 - MARION,5C5F - FINDLAY
USAREC,3RD BDE,5C - CLEVELAND,5C5 - MARION,5C5L - LIMA
USAREC,3RD BDE,5C - CLEVELAND,5C5 - MARION,5C5M - MANSFIELD
USAREC,3RD BDE,5C - CLEVELAND,5C5 - MARION,5C5P - TROY
USAREC,3RD BDE,5C - CLEVELAND,5C6 - TOLEDO,5C6A - NORWALK
USAREC,3RD BDE,5C - CLEVELAND,5C6 - TOLEDO,5C6B - BOWLING GREEN
USAREC,3RD BDE,5C - CLEVELAND,5C6 - TOLEDO,5C6F - DEFIANCE
USAREC,3RD BDE,5C - CLEVELAND,5C6 - TOLEDO,5C6I - FREMONT
USAREC,3RD BDE,5C - CLEVELAND,5C6 - TOLEDO,5C6T - TOLEDO WEST
USAREC,3RD BDE,5C - CLEVELAND,5C7 - WARREN,5C7B - BOARDMAN
USAREC,3RD BDE,5C - CLEVELAND,5C7 - WARREN,5C7C - CALCUTTA
USAREC,3RD BDE,5C - CLEVELAND,5C7 - WARREN,5C7D - ALLIANCE
USAREC,3RD BDE,5C - CLEVELAND,5C7 - WARREN,5C7H - KENT
USAREC,3RD BDE,5C - CLEVELAND,5C7 - WARREN,5C7R - WARREN
USAREC,3RD BDE,5D - COLUMBUS,5D2 - COLUMBUS,5D2D - DELAWARE
USAREC,3RD BDE,5D - COLUMBUS,5D2 - COLUMBUS,5D2P - DUBLIN
USAREC,3RD BDE,5D - COLUMBUS,5D2 - COLUMBUS,5D2R - COLUMBUS WEST
USAREC,3RD BDE,5D - COLUMBUS,5D2 - COLUMBUS,5D2S - GROVE CITY
USAREC,3RD BDE,5D - COLUMBUS,5D2 - COLUMBUS,5D2T - WESTERVILLE
USAREC,3RD BDE,5D - COLUMBUS,5D2 - COLUMBUS,5D2W - COLUMBUS EAST
USAREC,3RD BDE,5D - COLUMBUS,5D3 - BARBOURSVILLE,5D3A - ASHLAND
USAREC,3RD BDE,5D - COLUMBUS,5D3 - BARBOURSVILLE,5D3D - HUNTINGTON WV
USAREC,3RD BDE,5D - COLUMBUS,5D3 - BARBOURSVILLE,5D3E - CHARLESTON S.
USAREC,3RD BDE,5D - COLUMBUS,5D3 - BARBOURSVILLE,5D3G - GALLIPOLIS
USAREC,3RD BDE,5D - COLUMBUS,5D3 - BARBOURSVILLE,5D3L - PARKERSBURG
USAREC,3RD BDE,5D - COLUMBUS,5D3 - BARBOURSVILLE,5D3P - PORTSMOUTH
USAREC,3RD BDE,5D - COLUMBUS,5D4 - LANCASTER,5D4C - CHILLICOTHE
USAREC,3RD BDE,5D - COLUMBUS,5D4 - LANCASTER,5D4D - ATHENS
USAREC,3RD BDE,5D - COLUMBUS,5D4 - LANCASTER,5D4H - ZANESVILLE
USAREC,3RD BDE,5D - COLUMBUS,5D4 - LANCASTER,5D4L - LANCASTER
USAREC,3RD BDE,5D - COLUMBUS,5D4 - LANCASTER,5D4N - NEWARK
USAREC,3RD BDE,5D - COLUMBUS,5D6 - DAYTON,5D6B - SPRINGFIELD
USAREC,3RD BDE,5D - COLUMBUS,5D6 - DAYTON,5D6F - KETTERING
USAREC,3RD BDE,5D - COLUMBUS,5D6 - DAYTON,5D6N - HUBER HEIGHTS
USAREC,3RD BDE,5D - COLUMBUS,5D6 - DAYTON,5D6W - DAYTON-MAIN
USAREC,3RD BDE,5D - COLUMBUS,5D6 - DAYTON,5D6X - XENIA
USAREC,3RD BDE,5D - COLUMBUS,5D7 - CIN METRO,5D7E - EASTGATE
USAREC,3RD BDE,5D - COLUMBUS,5D7 - CIN METRO,5D7F - FLORENCE
USAREC,3RD BDE,5D - COLUMBUS,5D7 - CIN METRO,5D7K - CIN WESTERN HILLS
USAREC,3RD BDE,5D - COLUMBUS,5D7 - CIN METRO,5D7R - COLERAIN
USAREC,3RD BDE,5D - COLUMBUS,5D7 - CIN METRO,5D7V - RIDGE-M
USAREC,3RD BDE,5D - COLUMBUS,5D8 - MIAMI VALLEY,5D8A - HAMILTON
USAREC,3RD BDE,5D - COLUMBUS,5D8 - MIAMI VALLEY,5D8B - MIDDLETOWN
USAREC,3RD BDE,5D - COLUMBUS,5D8 - MIAMI VALLEY,5D8M - HILLSBORO
USAREC,3RD BDE,5D - COLUMBUS,5D8 - MIAMI VALLEY,5D8P - MASON
USAREC,3RD BDE,5D - COLUMBUS,5D8 - MIAMI VALLEY,5D8W - WEST CHESTER
USAREC,3RD BDE,5H - INDIANAPOLIS,5H1 - EVANSVILLE,5H1D - BLOOMINGTON IN
USAREC,3RD BDE,5H - INDIANAPOLIS,5H1 - EVANSVILLE,5H1E - EVANSVILLE NORTH
USAREC,3RD BDE,5H - INDIANAPOLIS,5H1 - EVANSVILLE,5H1T - TERRE HAUTE
USAREC,3RD BDE,5H - INDIANAPOLIS,5H1 - EVANSVILLE,5H1V - VINCENNES
USAREC,3RD BDE,5H - INDIANAPOLIS,5H2 - FT WAYNE,5H2D - FT WAYNE NORTH
USAREC,3RD BDE,5H - INDIANAPOLIS,5H2 - FT WAYNE,5H2G - FT WAYNE STH
USAREC,3RD BDE,5H - INDIANAPOLIS,5H2 - FT WAYNE,5H2K - KOKOMO
USAREC,3RD BDE,5H - INDIANAPOLIS,5H2 - FT WAYNE,5H2M - MARION
USAREC,3RD BDE,5H - INDIANAPOLIS,5H2 - FT WAYNE,5H2V - MUNCIE
USAREC,3RD BDE,5H - INDIANAPOLIS,5H3 - FAIRVIEW HEIGHTS,5H3A - COLLINSVILLE
USAREC,3RD BDE,5H - INDIANAPOLIS,5H3 - FAIRVIEW HEIGHTS,5H3B - FAIRVIEW HEIGHTS
USAREC,3RD BDE,5H - INDIANAPOLIS,5H3 - FAIRVIEW HEIGHTS,5H3J - ALTON
USAREC,3RD BDE,5H - INDIANAPOLIS,5H3 - FAIRVIEW HEIGHTS,5H3V - MT VERNON
USAREC,3RD BDE,5H - INDIANAPOLIS,5H4 - SPRINGFIELD,5H4D - DECATUR
USAREC,3RD BDE,5H - INDIANAPOLIS,5H4 - SPRINGFIELD,5H4F - EFFINGHAM
USAREC,3RD BDE,5H - INDIANAPOLIS,5H4 - SPRINGFIELD,5H4P - DIRKSEN PARKWAY
USAREC,3RD BDE,5H - INDIANAPOLIS,5H4 - SPRINGFIELD,5H4Q - QUINCY
USAREC,3RD BDE,5H - INDIANAPOLIS,5H4 - SPRINGFIELD,5H4R - SPRINGFIELD
USAREC,3RD BDE,5H - INDIANAPOLIS,5H5 - INDY METRO NORTH,5H5D - ANDERSON
USAREC,3RD BDE,5H - INDIANAPOLIS,5H5 - INDY METRO NORTH,5H5F - LAFAYETTE SOUTH
USAREC,3RD BDE,5H - INDIANAPOLIS,5H5 - INDY METRO NORTH,5H5L - INDY NORTH
USAREC,3RD BDE,5H - INDIANAPOLIS,5H5 - INDY METRO NORTH,5H5M - NOBLESVILLE
USAREC,3RD BDE,5H - INDIANAPOLIS,5H5 - INDY METRO NORTH,5H5P - INDY WEST
USAREC,3RD BDE,5H - INDIANAPOLIS,5H8 - INDY METRO SOUTH,5H8A - AURORA
USAREC,3RD BDE,5H - INDIANAPOLIS,5H8 - INDY METRO SOUTH,5H8I - INDY EAST
USAREC,3RD BDE,5H - INDIANAPOLIS,5H8 - INDY METRO SOUTH,5H8R - RICHMOND
USAREC,3RD BDE,5H - INDIANAPOLIS,5H8 - INDY METRO SOUTH,5H8S - SHELBYVILLE
USAREC,3RD BDE,5H - INDIANAPOLIS,5H8 - INDY METRO SOUTH,5H8T - INDY SOUTH
USAREC,3RD BDE,5H - INDIANAPOLIS,5H9 - CENTRAL ILLINOIS,5H9A - DANVILLE
USAREC,3RD BDE,5H - INDIANAPOLIS,5H9 - CENTRAL ILLINOIS,5H9D - NORMAL
USAREC,3RD BDE,5H - INDIANAPOLIS,5H9 - CENTRAL ILLINOIS,5H9E - PEORIA
USAREC,3RD BDE,5H - INDIANAPOLIS,5H9 - CENTRAL ILLINOIS,5H9G - GALESBURG
USAREC,3RD BDE,5H - INDIANAPOLIS,5H9 - CENTRAL ILLINOIS,5H9K - CHAMPAIGN
USAREC,3RD BDE,5I - GREAT LAKES,5I1 - BATTLE CREEK,5I1D - BATTLE CREEK
USAREC,3RD BDE,5I - GREAT LAKES,5I1 - BATTLE CREEK,5I1K - KALAMAZOO
USAREC,3RD BDE,5I - GREAT LAKES,5I1 - BATTLE CREEK,5I1S - BENTON HARBOR
USAREC,3RD BDE,5I - GREAT LAKES,5I2 - BAY CITY,5I2B - PETOSKEY
USAREC,3RD BDE,5I - GREAT LAKES,5I2 - BAY CITY,5I2C - ALPENA
USAREC,3RD BDE,5I - GREAT LAKES,5I2 - BAY CITY,5I2E - WEST BRANCH
USAREC,3RD BDE,5I - GREAT LAKES,5I2 - BAY CITY,5I2H - BAY CITY
USAREC,3RD BDE,5I - GREAT LAKES,5I2 - BAY CITY,5I2P - MT PLEASANT
USAREC,3RD BDE,5I - GREAT LAKES,5I2 - BAY CITY,5I2R - SAGINAW
USAREC,3RD BDE,5I - GREAT LAKES,5I4 - GRAND RAPIDS,5I4B - BIG RAPIDS
USAREC,3RD BDE,5I - GREAT LAKES,5I4 - GRAND RAPIDS,5I4D - GREENVILLE
USAREC,3RD BDE,5I - GREAT LAKES,5I4 - GRAND RAPIDS,5I4H - TRAVERSE CITY
USAREC,3RD BDE,5I - GREAT LAKES,5I4 - GRAND RAPIDS,5I4J - GRAND RAPIDS
USAREC,3RD BDE,5I - GREAT LAKES,5I4 - GRAND RAPIDS,5I4P - WYOMING
USAREC,3RD BDE,5I - GREAT LAKES,5I4 - GRAND RAPIDS,5I4V - MUSKEGON
USAREC,3RD BDE,5I - GREAT LAKES,5I5 - LANSING,5I5A - ANN ARBOR
USAREC,3RD BDE,5I - GREAT LAKES,5I5 - LANSING,5I5B - HOWELL
USAREC,3RD BDE,5I - GREAT LAKES,5I5 - LANSING,5I5H - JACKSON
USAREC,3RD BDE,5I - GREAT LAKES,5I5 - LANSING,5I5V - LANSING
USAREC,3RD BDE,5I - GREAT LAKES,5I7 - PONTIAC,5I7B - FLINT
USAREC,3RD BDE,5I - GREAT LAKES,5I7 - PONTIAC,5I7D - AUBURN HILLS
USAREC,3RD BDE,5I - GREAT LAKES,5I7 - PONTIAC,5I7E - MADISON HEIGHTS
USAREC,3RD BDE,5I - GREAT LAKES,5I7 - PONTIAC,5I7F - WHITE LAKE
USAREC,3RD BDE,5I - GREAT LAKES,5I8 - MT CLEMENS,5I8A - EASTPOINTE
USAREC,3RD BDE,5I - GREAT LAKES,5I8 - MT CLEMENS,5I8D - MT CLEMENS
USAREC,3RD BDE,5I - GREAT LAKES,5I9 - DEARBORN,5I9B - MONROE
USAREC,3RD BDE,5I - GREAT LAKES,5I9 - DEARBORN,5I9C - LIVONIA NORTH
USAREC,3RD BDE,5I - GREAT LAKES,5I9 - DEARBORN,5I9D - SOUTHGATE
USAREC,3RD BDE,5I - GREAT LAKES,5I9 - DEARBORN,5I9E - WESTLAND
USAREC,3RD BDE,5J - MILWAUKEE,5J1 - APPLETON,5J1D - APPLETON
USAREC,3RD BDE,5J - MILWAUKEE,5J1 - APPLETON,5J1F - FOND DU LAC
USAREC,3RD BDE,5J - MILWAUKEE,5J1 - APPLETON,5J1H - GREEN BAY
USAREC,3RD BDE,5J - MILWAUKEE,5J1 - APPLETON,5J1M - MARINETTE
USAREC,3RD BDE,5J - MILWAUKEE,5J1 - APPLETON,5J1V - SHEBOYGAN
USAREC,3RD BDE,5J - MILWAUKEE,5J1 - APPLETON,5J1W - WEST BEND
USAREC,3RD BDE,5J - MILWAUKEE,5J2 - FORT MCCOY,5J2D - EAU CLAIRE
USAREC,3RD BDE,5J - MILWAUKEE,5J2 - FORT MCCOY,5J2G - WAUSAU
USAREC,3RD BDE,5J - MILWAUKEE,5J2 - FORT MCCOY,5J2O - ONALASKA
USAREC,3RD BDE,5J - MILWAUKEE,5J2 - FORT MCCOY,5J2P - PLOVER
USAREC,3RD BDE,5J - MILWAUKEE,5J3 - LOVES PARK,5J3D - DIXON
USAREC,3RD BDE,5J - MILWAUKEE,5J3 - LOVES PARK,5J3E - ROCKFORD EAST
USAREC,3RD BDE,5J - MILWAUKEE,5J3 - LOVES PARK,5J3L - PERU
USAREC,3RD BDE,5J - MILWAUKEE,5J3 - LOVES PARK,5J3T - DE KALB
USAREC,3RD BDE,5J - MILWAUKEE,5J4 - IRON MOUNTAIN,5J4A - IRONWOOD
USAREC,3RD BDE,5J - MILWAUKEE,5J4 - IRON MOUNTAIN,5J4B - RICE LAKE
USAREC,3RD BDE,5J - MILWAUKEE,5J4 - IRON MOUNTAIN,5J4D - ESCANABA
USAREC,3RD BDE,5J - MILWAUKEE,5J4 - IRON MOUNTAIN,5J4G - HOUGHTON
USAREC,3RD BDE,5J - MILWAUKEE,5J4 - IRON MOUNTAIN,5J4I - IRON MOUNTAIN
USAREC,3RD BDE,5J - MILWAUKEE,5J4 - IRON MOUNTAIN,5J4S - SAULT STE MARIE
USAREC,3RD BDE,5J - MILWAUKEE,5J4 - IRON MOUNTAIN,5J4T - RHINELANDER
USAREC,3RD BDE,5J - MILWAUKEE,5J4 - IRON MOUNTAIN,5J4V - MARQUETTE
USAREC,3RD BDE,5J - MILWAUKEE,5J5 - MADISON,5J5B - BARABOO
USAREC,3RD BDE,5J - MILWAUKEE,5J5 - MADISON,5J5C - MADISON WEST
USAREC,3RD BDE,5J - MILWAUKEE,5J5 - MADISON,5J5H - MADISON EAST
USAREC,3RD BDE,5J - MILWAUKEE,5J5 - MADISON,5J5J - JANESVILLE
USAREC,3RD BDE,5J - MILWAUKEE,5J5 - MADISON,5J5R - BURLINGTON
USAREC,3RD BDE,5J - MILWAUKEE,5J5 - MADISON,5J5W - WATERTOWN
USAREC,3RD BDE,5J - MILWAUKEE,5J6 - MILWAUKEE,5J6E - MENOMONEE FALLS
USAREC,3RD BDE,5J - MILWAUKEE,5J6 - MILWAUKEE,5J6F - GREENFIELD
USAREC,3RD BDE,5J - MILWAUKEE,5J6 - MILWAUKEE,5J6K - WAUKESHA
USAREC,3RD BDE,5J - MILWAUKEE,5J6 - MILWAUKEE,5J6M - MILWAUKEE
USAREC,3RD BDE,5J - MILWAUKEE,5J6 - MILWAUKEE,5J6O - KENOSHA
USAREC,3RD BDE,5J - MILWAUKEE,5J6 - MILWAUKEE,5J6R - RACINE
USAREC,3RD BDE,5K - MINNEAPOLIS,5K1 - ST PAUL,5K1C - CAMBRIDGE
USAREC,3RD BDE,5K - MINNEAPOLIS,5K1 - ST PAUL,5K1E - BLAINE
USAREC,3RD BDE,5K - MINNEAPOLIS,5K1 - ST PAUL,5K1M - ROSEVILLE
USAREC,3RD BDE,5K - MINNEAPOLIS,5K1 - ST PAUL,5K1S - WOODBURY
USAREC,3RD BDE,5K - MINNEAPOLIS,5K2 - DAKOTA DISTRICT,5K2A - ABERDEEN
USAREC,3RD BDE,5K - MINNEAPOLIS,5K2 - DAKOTA DISTRICT,5K2E - FARGO
USAREC,3RD BDE,5K - MINNEAPOLIS,5K2 - DAKOTA DISTRICT,5K2F - GRAND FORKS
USAREC,3RD BDE,5K - MINNEAPOLIS,5K2 - DAKOTA DISTRICT,5K2G - RAPID CITY
USAREC,3RD BDE,5K - MINNEAPOLIS,5K2 - DAKOTA DISTRICT,5K2K - BISMARCK
USAREC,3RD BDE,5K - MINNEAPOLIS,5K2 - DAKOTA DISTRICT,5K2L - MINOT
USAREC,3RD BDE,5K - MINNEAPOLIS,5K2 - DAKOTA DISTRICT,5K2V - SIOUX FALLS
USAREC,3RD BDE,5K - MINNEAPOLIS,5K3 - NORTHERN IOWA,5K3B - SIOUX CITY
USAREC,3RD BDE,5K - MINNEAPOLIS,5K3 - NORTHERN IOWA,5K3D - FT DODGE
USAREC,3RD BDE,5K - MINNEAPOLIS,5K3 - NORTHERN IOWA,5K3L - MASON CITY
USAREC,3RD BDE,5K - MINNEAPOLIS,5K3 - NORTHERN IOWA,5K3T - CEDAR FALLS
USAREC,3RD BDE,5K - MINNEAPOLIS,5K4 - BRAINERD,5K4B - BRAINERD
USAREC,3RD BDE,5K - MINNEAPOLIS,5K4 - BRAINERD,5K4D - DULUTH
USAREC,3RD BDE,5K - MINNEAPOLIS,5K4 - BRAINERD,5K4E - BEMIDJI
USAREC,3RD BDE,5K - MINNEAPOLIS,5K4 - BRAINERD,5K4S - ST CLOUD
USAREC,3RD BDE,5K - MINNEAPOLIS,5K6 - MINNEAPOLIS,5K6C - SHAKOPEE
USAREC,3RD BDE,5K - MINNEAPOLIS,5K6 - MINNEAPOLIS,5K6F - PLYMOUTH
USAREC,3RD BDE,5K - MINNEAPOLIS,5K6 - MINNEAPOLIS,5K6H - BUFFALO
USAREC,3RD BDE,5K - MINNEAPOLIS,5K6 - MINNEAPOLIS,5K6L - RICHFIELD
USAREC,3RD BDE,5K - MINNEAPOLIS,5K6 - MINNEAPOLIS,5K6V - LAKEVILLE
USAREC,3RD BDE,5K - MINNEAPOLIS,5K7 - MANKATO,5K7E - MARSHALL
USAREC,3RD BDE,5K - MINNEAPOLIS,5K7 - MANKATO,5K7N - MANKATO
USAREC,3RD BDE,5K - MINNEAPOLIS,5K7 - MANKATO,5K7R - ROCHESTER
USAREC,3RD BDE,5K - MINNEAPOLIS,5K8 - DES MOINES,5K8D - AMES
USAREC,3RD BDE,5K - MINNEAPOLIS,5K8 - DES MOINES,5K8K - NORTH DES MOINES
USAREC,3RD BDE,5K - MINNEAPOLIS,5K8 - DES MOINES,5K8S - SOUTH DES MOINES
USAREC,3RD BDE,5K - MINNEAPOLIS,5K8 - DES MOINES,5K8W - OTTUMWA
USAREC,3RD BDE,5K - MINNEAPOLIS,5K9 - IOWA CITY,5K9D - BURLINGTON
USAREC,3RD BDE,5K - MINNEAPOLIS,5K9 - IOWA CITY,5K9G - DUBUQUE
USAREC,3RD BDE,5K - MINNEAPOLIS,5K9 - IOWA CITY,5K9K - QUAD CITIES
USAREC,3RD BDE,5K - MINNEAPOLIS,5K9 - IOWA CITY,5K9R - CEDAR RAPIDS
USAREC,3RD BDE,5N - NASHVILLE,5N1 - NASHVILLE,5N1B - COLUMBIA
USAREC,3RD BDE,5N - NASHVILLE,5N1 - NASHVILLE,5N1C - FRANKLIN
USAREC,3RD BDE,5N - NASHVILLE,5N1 - NASHVILLE,5N1D - MURFREESBORO
USAREC,3RD BDE,5N - NASHVILLE,5N1 - NASHVILLE,5N1G - GALLATIN
USAREC,3RD BDE,5N - NASHVILLE,5N1 - NASHVILLE,5N1J - MOUNT JULIET
USAREC,3RD BDE,5N - NASHVILLE,5N1 - NASHVILLE,5N1P - MADISON
USAREC,3RD BDE,5N - NASHVILLE,5N2 - JOHNSON CITY,5N2B - BRISTOL VA
USAREC,3RD BDE,5N - NASHVILLE,5N2 - JOHNSON CITY,5N2D - JOHNSON CITY
USAREC,3RD BDE,5N - NASHVILLE,5N2 - JOHNSON CITY,5N2E - KINGSPORT
USAREC,3RD BDE,5N - NASHVILLE,5N2 - JOHNSON CITY,5N2F - MORRISTOWN TN
USAREC,3RD BDE,5N - NASHVILLE,5N2 - JOHNSON CITY,5N2G - WISE
USAREC,3RD BDE,5N - NASHVILLE,5N2 - JOHNSON CITY,5N2H - PIKEVILLE
USAREC,3RD BDE,5N - NASHVILLE,5N2 - JOHNSON CITY,5N2T - GREENEVILLE
USAREC,3RD BDE,5N - NASHVILLE,5N3 - KNOXVILLE,5N3A - COOKEVILLE
USAREC,3RD BDE,5N - NASHVILLE,5N3 - KNOXVILLE,5N3E - KNOXVILLE EAST
USAREC,3RD BDE,5N - NASHVILLE,5N3 - KNOXVILLE,5N3P - KNOXVILLE WEST
USAREC,3RD BDE,5N - NASHVILLE,5N3 - KNOXVILLE,5N3S - MARYVILLE
USAREC,3RD BDE,5N - NASHVILLE,5N3 - KNOXVILLE,5N3V - OAK RIDGE
USAREC,3RD BDE,5N - NASHVILLE,5N5 - CLARKSVILLE,5N5C - CLARKSVILLE
USAREC,3RD BDE,5N - NASHVILLE,5N5 - CLARKSVILLE,5N5D - DICKSON
USAREC,3RD BDE,5N - NASHVILLE,5N5 - CLARKSVILLE,5N5M - PADUCAH
USAREC,3RD BDE,5N - NASHVILLE,5N5 - CLARKSVILLE,5N5P - PARIS
USAREC,3RD BDE,5N - NASHVILLE,5N5 - CLARKSVILLE,5N5S - HOPKINSVILLE
USAREC,3RD BDE,5N - NASHVILLE,5N6 - LOUISVILLE,5N6H - LOUISVILLE EAST
USAREC,3RD BDE,5N - NASHVILLE,5N6 - LOUISVILLE,5N6I - CLARKSVILLE IN
USAREC,3RD BDE,5N - NASHVILLE,5N6 - LOUISVILLE,5N6L - LAGRANGE
USAREC,3RD BDE,5N - NASHVILLE,5N6 - LOUISVILLE,5N6O - LOUISVILLE PRESTON
USAREC,3RD BDE,5N - NASHVILLE,5N6 - LOUISVILLE,5N6S - MADISON
USAREC,3RD BDE,5N - NASHVILLE,5N7 - ELIZABETHTOWN,5N7B - BOWLING GREEN
USAREC,3RD BDE,5N - NASHVILLE,5N7 - ELIZABETHTOWN,5N7H - ELIZABETHTOWN
USAREC,3RD BDE,5N - NASHVILLE,5N7 - ELIZABETHTOWN,5N7R - OWENSBORO
USAREC,3RD BDE,5N - NASHVILLE,5N8 - LEXINGTON,5N8C - SOMERSET
USAREC,3RD BDE,5N - NASHVILLE,5N8 - LEXINGTON,5N8E - LONDON
USAREC,3RD BDE,5N - NASHVILLE,5N8 - LEXINGTON,5N8F - FRANKFORT
USAREC,3RD BDE,5N - NASHVILLE,5N8 - LEXINGTON,5N8J - LEXINGTON E
USAREC,3RD BDE,5N - NASHVILLE,5N8 - LEXINGTON,5N8M - MOREHEAD
USAREC,3RD BDE,5N - NASHVILLE,5N8 - LEXINGTON,5N8V - RICHMOND
USAREC,5TH BDE,4C - DALLAS-FORT WORTH,4C1 - MCKINNEY,4C1F - FRISCO
USAREC,5TH BDE,4C - DALLAS-FORT WORTH,4C1 - MCKINNEY,4C1H - DENTON
USAREC,5TH BDE,4C - DALLAS-FORT WORTH,4C1 - MCKINNEY,4C1K - MCKINNEY
USAREC,5TH BDE,4C - DALLAS-FORT WORTH,4C1 - MCKINNEY,4C1L - LEWISVILLE
USAREC,5TH BDE,4C - DALLAS-FORT WORTH,4C1 - MCKINNEY,4C1M - GREENVILLE
USAREC,5TH BDE,4C - DALLAS-FORT WORTH,4C1 - MCKINNEY,4C1S - SHERMAN
USAREC,5TH BDE,4C - DALLAS-FORT WORTH,4C2 - FT WORTH,4C2A - SOUTH FT WORTH
USAREC,5TH BDE,4C - DALLAS-FORT WORTH,4C2 - FT WORTH,4C2F - BURLESON
USAREC,5TH BDE,4C - DALLAS-FORT WORTH,4C2 - FT WORTH,4C2H - NORTH RICHLAND HILLS
USAREC,5TH BDE,4C - DALLAS-FORT WORTH,4C2 - FT WORTH,4C2K - KELLER
USAREC,5TH BDE,4C - DALLAS-FORT WORTH,4C2 - FT WORTH,4C2M - WEATHERFORD
USAREC,5TH BDE,4C - DALLAS-FORT WORTH,4C2 - FT WORTH,4C2W - RIDGMAR
USAREC,5TH BDE,4C - DALLAS-FORT WORTH,4C3 - PLANO,4C3A - GARLAND
USAREC,5TH BDE,4C - DALLAS-FORT WORTH,4C3 - PLANO,4C3C - CARROLLTON
USAREC,5TH BDE,4C - DALLAS-FORT WORTH,4C3 - PLANO,4C3D - EAST DALLAS
USAREC,5TH BDE,4C - DALLAS-FORT WORTH,4C3 - PLANO,4C3M - MIDTOWN
USAREC,5TH BDE,4C - DALLAS-FORT WORTH,4C3 - PLANO,4C3P - PLANO
USAREC,5TH BDE,4C - DALLAS-FORT WORTH,4C3 - PLANO,4C3Q - MESQUITE
USAREC,5TH BDE,4C - DALLAS-FORT WORTH,4C3 - PLANO,4C3R - ROCKWALL
USAREC,5TH BDE,4C - DALLAS-FORT WORTH,4C4 - TYLER,4C4A - ATHENS
USAREC,5TH BDE,4C - DALLAS-FORT WORTH,4C4 - TYLER,4C4B - TERRELL
USAREC,5TH BDE,4C - DALLAS-FORT WORTH,4C4 - TYLER,4C4L - LONGVIEW
USAREC,5TH BDE,4C - DALLAS-FORT WORTH,4C4 - TYLER,4C4M - MT PLEASANT
USAREC,5TH BDE,4C - DALLAS-FORT WORTH,4C4 - TYLER,4C4T - TYLER
USAREC,5TH BDE,4C - DALLAS-FORT WORTH,4C5 - WACO,4C5C - COPPERAS COVE
USAREC,5TH BDE,4C - DALLAS-FORT WORTH,4C5 - WACO,4C5G - HARKER HEIGHTS
USAREC,5TH BDE,4C - DALLAS-FORT WORTH,4C5 - WACO,4C5P - WACO
USAREC,5TH BDE,4C - DALLAS-FORT WORTH,4C5 - WACO,4C5S - STEPHENVILLE
USAREC,5TH BDE,4C - DALLAS-FORT WORTH,4C5 - WACO,4C5T - TEMPLE
USAREC,5TH BDE,4C - DALLAS-FORT WORTH,4C6 - DALLAS,4C6B - CEDAR HILL
USAREC,5TH BDE,4C - DALLAS-FORT WORTH,4C6 - DALLAS,4C6G - GRAND PRAIRIE
USAREC,5TH BDE,4C - DALLAS-FORT WORTH,4C6 - DALLAS,4C6H - WAXAHACHIE
USAREC,5TH BDE,4C - DALLAS-FORT WORTH,4C6 - DALLAS,4C6I - IRVING
USAREC,5TH BDE,4C - DALLAS-FORT WORTH,4C6 - DALLAS,4C6M - MANSFIELD
USAREC,5TH BDE,4C - DALLAS-FORT WORTH,4C6 - DALLAS,4C6O - OAK CLIFF
USAREC,5TH BDE,4C - DALLAS-FORT WORTH,4C6 - DALLAS,4C6T - ARLINGTON
USAREC,5TH BDE,4C - DALLAS-FORT WORTH,4C7 - ABILENE,4C7A - ABILENE
USAREC,5TH BDE,4C - DALLAS-FORT WORTH,4C7 - ABILENE,4C7B - BROWNWOOD
USAREC,5TH BDE,4C - DALLAS-FORT WORTH,4C7 - ABILENE,4C7M - MIDLAND
USAREC,5TH BDE,4C - DALLAS-FORT WORTH,4C7 - ABILENE,4C7O - ODESSA
USAREC,5TH BDE,4C - DALLAS-FORT WORTH,4C7 - ABILENE,4C7S - SAN ANGELO
USAREC,5TH BDE,4D - DENVER,4D1 - CHEYENNE,4D1E - LARAMIE
USAREC,5TH BDE,4D - DENVER,4D1 - CHEYENNE,4D1F - FT COLLINS
USAREC,5TH BDE,4D - DENVER,4D1 - CHEYENNE,4D1G - GREELEY
USAREC,5TH BDE,4D - DENVER,4D1 - CHEYENNE,4D1H - CHEYENNE
USAREC,5TH BDE,4D - DENVER,4D1 - CHEYENNE,4D1L - LOVELAND
USAREC,5TH BDE,4D - DENVER,4D1 - CHEYENNE,4D1V - SCOTTSBLUFF
USAREC,5TH BDE,4D - DENVER,4D2 - WHEAT RIDGE,4D2A - LAKEWOOD
USAREC,5TH BDE,4D - DENVER,4D2 - WHEAT RIDGE,4D2D - BOULDER
USAREC,5TH BDE,4D - DENVER,4D2 - WHEAT RIDGE,4D2G - GOLDEN
USAREC,5TH BDE,4D - DENVER,4D2 - WHEAT RIDGE,4D2M - LONGMONT
USAREC,5TH BDE,4D - DENVER,4D2 - WHEAT RIDGE,4D2N - PARK MEADOWS
USAREC,5TH BDE,4D - DENVER,4D2 - WHEAT RIDGE,4D2W - WESTMINSTER
USAREC,5TH BDE,4D - DENVER,4D3 - COL SPRINGS,4D3A - PUEBLO
USAREC,5TH BDE,4D - DENVER,4D3 - COL SPRINGS,4D3C - CANON CITY
USAREC,5TH BDE,4D - DENVER,4D3 - COL SPRINGS,4D3M - CITADEL
USAREC,5TH BDE,4D - DENVER,4D3 - COL SPRINGS,4D3R - POWERS
USAREC,5TH BDE,4D - DENVER,4D3 - COL SPRINGS,4D3S - COL SPRING NE
USAREC,5TH BDE,4D - DENVER,4D3 - COL SPRINGS,4D3W - SECURITY
USAREC,5TH BDE,4D - DENVER,4D4 - OMAHA,4D4A - BELLEVUE
USAREC,5TH BDE,4D - DENVER,4D4 - OMAHA,4D4B - COUNCIL BLUFFS
USAREC,5TH BDE,4D - DENVER,4D4 - OMAHA,4D4C - CENTRAL OMAHA
USAREC,5TH BDE,4D - DENVER,4D4 - OMAHA,4D4M - MILLARD
USAREC,5TH BDE,4D - DENVER,4D4 - OMAHA,4D4N - NORTH OMAHA
USAREC,5TH BDE,4D - DENVER,4D5 - GRAND ISLAND,4D5C - NORFOLK
USAREC,5TH BDE,4D - DENVER,4D5 - GRAND ISLAND,4D5E - LINCOLN NORTH
USAREC,5TH BDE,4D - DENVER,4D5 - GRAND ISLAND,4D5G - GRAND ISLAND
USAREC,5TH BDE,4D - DENVER,4D5 - GRAND ISLAND,4D5H - KEARNEY
USAREC,5TH BDE,4D - DENVER,4D5 - GRAND ISLAND,4D5N - NORTH PLATTE
USAREC,5TH BDE,4D - DENVER,4D5 - GRAND ISLAND,4D5S - LINCOLN SOUTH
USAREC,5TH BDE,4D - DENVER,4D6 - ARAPAHOE,4D6A - THORNTON
USAREC,5TH BDE,4D - DENVER,4D6 - ARAPAHOE,4D6B - BRIGHTON
USAREC,5TH BDE,4D - DENVER,4D6 - ARAPAHOE,4D6C - DENVER
USAREC,5TH BDE,4D - DENVER,4D6 - ARAPAHOE,4D6D - AURORA
USAREC,5TH BDE,4D - DENVER,4D6 - ARAPAHOE,4D6H - ARAPAHOE
USAREC,5TH BDE,4D - DENVER,4D6 - ARAPAHOE,4D6P - PARKER
USAREC,5TH BDE,4D - DENVER,4D7 - WESTERN SLOPE,4D7E - DURANGO
USAREC,5TH BDE,4D - DENVER,4D7 - WESTERN SLOPE,4D7G - GLENWOOD SPRINGS
USAREC,5TH BDE,4D - DENVER,4D7 - WESTERN SLOPE,4D7J - GRAND JUNCTION
USAREC,5TH BDE,4D - DENVER,4D7 - WESTERN SLOPE,4D7M - MONTROSE
USAREC,5TH BDE,4E - HOUSTON,4E1 - BEAUMONT,4E1B - BAYTOWN
USAREC,5TH BDE,4E - HOUSTON,4E1 - BEAUMONT,4E1D - CROSSROADS
USAREC,5TH BDE,4E - HOUSTON,4E1 - BEAUMONT,4E1N - NORTH SHORE
USAREC,5TH BDE,4E - HOUSTON,4E1 - BEAUMONT,4E1R - ORANGE
USAREC,5TH BDE,4E - HOUSTON,4E1 - BEAUMONT,4E1W - PORT ARTHUR
USAREC,5TH BDE,4E - HOUSTON,4E2 - HOUSTON SOUTH,4E2L - LAKE JACKSON
USAREC,5TH BDE,4E - HOUSTON,4E2 - HOUSTON SOUTH,4E2M - MISSOURI CITY
USAREC,5TH BDE,4E - HOUSTON,4E2 - HOUSTON SOUTH,4E2P - PEARLAND
USAREC,5TH BDE,4E - HOUSTON,4E2 - HOUSTON SOUTH,4E2R - ROSENBERG
USAREC,5TH BDE,4E - HOUSTON,4E2 - HOUSTON SOUTH,4E2S - SHARPSTOWN
USAREC,5TH BDE,4E - HOUSTON,4E3 - HOUSTON NORTH,4E3F - TOMBALL
USAREC,5TH BDE,4E - HOUSTON,4E3 - HOUSTON NORTH,4E3L - WOODLANDS
USAREC,5TH BDE,4E - HOUSTON,4E3 - HOUSTON NORTH,4E3N - HUMBLE
USAREC,5TH BDE,4E - HOUSTON,4E3 - HOUSTON NORTH,4E3S - SPRING
USAREC,5TH BDE,4E - HOUSTON,4E3 - HOUSTON NORTH,4E3T - KLEIN
USAREC,5TH BDE,4E - HOUSTON,4E4 - HOUSTON WEST,4E4C - COLLEGE STATION
USAREC,5TH BDE,4E - HOUSTON,4E4 - HOUSTON WEST,4E4F - BRENHAM
USAREC,5TH BDE,4E - HOUSTON,4E4 - HOUSTON WEST,4E4J - CYPRESS
USAREC,5TH BDE,4E - HOUSTON,4E4 - HOUSTON WEST,4E4K - KATY
USAREC,5TH BDE,4E - HOUSTON,4E5 - HUNTSVILLE,4E5A - HUNTSVILLE
USAREC,5TH BDE,4E - HOUSTON,4E5 - HUNTSVILLE,4E5C - CONROE
USAREC,5TH BDE,4E - HOUSTON,4E5 - HUNTSVILLE,4E5G - NACOGDOCHES
USAREC,5TH BDE,4E - HOUSTON,4E5 - HUNTSVILLE,4E5L - LUFKIN
USAREC,5TH BDE,4E - HOUSTON,4E5 - HUNTSVILLE,4E5S - CLEVELAND
USAREC,5TH BDE,4E - HOUSTON,4E7 - BAYBROOK,4E7B - BAYBROOK
USAREC,5TH BDE,4E - HOUSTON,4E7 - BAYBROOK,4E7D - PASADENA
USAREC,5TH BDE,4E - HOUSTON,4E7 - BAYBROOK,4E7G - GULFGATE
USAREC,5TH BDE,4E - HOUSTON,4E7 - BAYBROOK,4E7L - LEAGUE CITY
USAREC,5TH BDE,4E - HOUSTON,4E8 - HOUSTON CENTRAL,4E8A - ALIEF
USAREC,5TH BDE,4E - HOUSTON,4E8 - HOUSTON CENTRAL,4E8B - BEAR CREEK
USAREC,5TH BDE,4E - HOUSTON,4E8 - HOUSTON CENTRAL,4E8G - YALE
USAREC,5TH BDE,4E - HOUSTON,4E8 - HOUSTON CENTRAL,4E8M - GALLERIA
USAREC,5TH BDE,4E - HOUSTON,4E8 - HOUSTON CENTRAL,4E8W - WILLOWBROOK
USAREC,5TH BDE,4G - KANSAS CITY,4G1 - GREATER KC,4G1B - GRANDVIEW
USAREC,5TH BDE,4G - KANSAS CITY,4G1 - GREATER KC,4G1L - LENEXA
USAREC,5TH BDE,4G - KANSAS CITY,4G1 - GREATER KC,4G1N - WARRENSBURG
USAREC,5TH BDE,4G - KANSAS CITY,4G1 - GREATER KC,4G1O - OVERLAND PARK
USAREC,5TH BDE,4G - KANSAS CITY,4G1 - GREATER KC,4G1S - SEDALIA
USAREC,5TH BDE,4G - KANSAS CITY,4G2 - CAPE GIRARDEAU,4G2C - CARBONDALE
USAREC,5TH BDE,4G - KANSAS CITY,4G2 - CAPE GIRARDEAU,4G2D - CAPE GIRARDEAU
USAREC,5TH BDE,4G - KANSAS CITY,4G2 - CAPE GIRARDEAU,4G2F - FARMINGTON
USAREC,5TH BDE,4G - KANSAS CITY,4G2 - CAPE GIRARDEAU,4G2M - MARION
USAREC,5TH BDE,4G - KANSAS CITY,4G2 - CAPE GIRARDEAU,4G2N - FESTUS
USAREC,5TH BDE,4G - KANSAS CITY,4G2 - CAPE GIRARDEAU,4G2P - POPLAR BLUFF
USAREC,5TH BDE,4G - KANSAS CITY,4G3 - JOPLIN,4G3B - BOLIVAR
USAREC,5TH BDE,4G - KANSAS CITY,4G3 - JOPLIN,4G3H - BRANSON
USAREC,5TH BDE,4G - KANSAS CITY,4G3 - JOPLIN,4G3K - JOPLIN
USAREC,5TH BDE,4G - KANSAS CITY,4G3 - JOPLIN,4G3P - PITTSBURG
USAREC,5TH BDE,4G - KANSAS CITY,4G3 - JOPLIN,4G3R - SPRINGFIELD NORTH
USAREC,5TH BDE,4G - KANSAS CITY,4G3 - JOPLIN,4G3S - SPRINGFIELD SOUTH
USAREC,5TH BDE,4G - KANSAS CITY,4G4 - LIBERTY,4G4A - NORTHLAND
USAREC,5TH BDE,4G - KANSAS CITY,4G4 - LIBERTY,4G4B - LIBERTY
USAREC,5TH BDE,4G - KANSAS CITY,4G4 - LIBERTY,4G4C - LEGENDS
USAREC,5TH BDE,4G - KANSAS CITY,4G4 - LIBERTY,4G4I - INDEPENDENCE
USAREC,5TH BDE,4G - KANSAS CITY,4G4 - LIBERTY,4G4L - LEAVENWORTH
USAREC,5TH BDE,4G - KANSAS CITY,4G4 - LIBERTY,4G4P - CHILLICOTHE
USAREC,5TH BDE,4G - KANSAS CITY,4G4 - LIBERTY,4G4S - BLUE SPRINGS
USAREC,5TH BDE,4G - KANSAS CITY,4G4 - LIBERTY,4G4T - ST JOSEPH
USAREC,5TH BDE,4G - KANSAS CITY,4G6 - MANHATTAN KS,4G6H - HAYS
USAREC,5TH BDE,4G - KANSAS CITY,4G6 - MANHATTAN KS,4G6L - LAWRENCE
USAREC,5TH BDE,4G - KANSAS CITY,4G6 - MANHATTAN KS,4G6M - MANHATTAN
USAREC,5TH BDE,4G - KANSAS CITY,4G6 - MANHATTAN KS,4G6S - SALINA
USAREC,5TH BDE,4G - KANSAS CITY,4G6 - MANHATTAN KS,4G6T - TOPEKA
USAREC,5TH BDE,4G - KANSAS CITY,4G8 - ST LOUIS,4G8E - SOUTH COUNTY
USAREC,5TH BDE,4G - KANSAS CITY,4G8 - ST LOUIS,4G8G - NORTH COUNTY
USAREC,5TH BDE,4G - KANSAS CITY,4G8 - ST LOUIS,4G8P - METRO ST LOUIS
USAREC,5TH BDE,4G - KANSAS CITY,4G8 - ST LOUIS,4G8S - BRIDGETON
USAREC,5TH BDE,4G - KANSAS CITY,4G8 - ST LOUIS,4G8W - WEST COUNTY
USAREC,5TH BDE,4G - KANSAS CITY,4G9 - MID-MISSOURI,4G9C - ST ROBERT
USAREC,5TH BDE,4G - KANSAS CITY,4G9 - MID-MISSOURI,4G9E - ROLLA
USAREC,5TH BDE,4G - KANSAS CITY,4G9 - MID-MISSOURI,4G9J - JEFFERSON CITY
USAREC,5TH BDE,4G - KANSAS CITY,4G9 - MID-MISSOURI,4G9S - ST PETERS
USAREC,5TH BDE,4G - KANSAS CITY,4G9 - MID-MISSOURI,4G9T - WENTZVILLE
USAREC,5TH BDE,4G - KANSAS CITY,4G9 - MID-MISSOURI,4G9V - WASHINGTON
USAREC,5TH BDE,4G - KANSAS CITY,4G9 - MID-MISSOURI,4G9W - COLUMBIA
USAREC,5TH BDE,4J - OKLAHOMA CITY,4J1 - AMARILLO,4J1A - AMARILLO DT
USAREC,5TH BDE,4J - OKLAHOMA CITY,4J1 - AMARILLO,4J1C - CLOVIS
USAREC,5TH BDE,4J - OKLAHOMA CITY,4J1 - AMARILLO,4J1D - DUMAS
USAREC,5TH BDE,4J - OKLAHOMA CITY,4J1 - AMARILLO,4J1L - LIBERAL
USAREC,5TH BDE,4J - OKLAHOMA CITY,4J1 - AMARILLO,4J1S - LUBBOCK
USAREC,5TH BDE,4J - OKLAHOMA CITY,4J2 - OK CITY WEST,4J2C - WEATHERFORD
USAREC,5TH BDE,4J - OKLAHOMA CITY,4J2 - OK CITY WEST,4J2E - OKLAHOMA CTY NW
USAREC,5TH BDE,4J - OKLAHOMA CITY,4J2 - OK CITY WEST,4J2F - ENID
USAREC,5TH BDE,4J - OKLAHOMA CITY,4J2 - OK CITY WEST,4J2L - LAWTON
USAREC,5TH BDE,4J - OKLAHOMA CITY,4J2 - OK CITY WEST,4J2N - STILLWATER
USAREC,5TH BDE,4J - OKLAHOMA CITY,4J2 - OK CITY WEST,4J2S - MEMORIAL
USAREC,5TH BDE,4J - OKLAHOMA CITY,4J2 - OK CITY WEST,4J2W - WICHITA FALLS
USAREC,5TH BDE,4J - OKLAHOMA CITY,4J3 - OK CITY EAST,4J3A - ARDMORE
USAREC,5TH BDE,4J - OKLAHOMA CITY,4J3 - OK CITY EAST,4J3J - MIDWEST CITY
USAREC,5TH BDE,4J - OKLAHOMA CITY,4J3 - OK CITY EAST,4J3M - MCALESTER
USAREC,5TH BDE,4J - OKLAHOMA CITY,4J3 - OK CITY EAST,4J3P - MOORE
USAREC,5TH BDE,4J - OKLAHOMA CITY,4J3 - OK CITY EAST,4J3S - SHAWNEE
USAREC,5TH BDE,4J - OKLAHOMA CITY,4J3 - OK CITY EAST,4J3T - NORMAN
USAREC,5TH BDE,4J - OKLAHOMA CITY,4J4 - TULSA,4J4C - CLAREMORE
USAREC,5TH BDE,4J - OKLAHOMA CITY,4J4 - TULSA,4J4D - BARTLESVILLE
USAREC,5TH BDE,4J - OKLAHOMA CITY,4J4 - TULSA,4J4H - SAND SPRINGS
USAREC,5TH BDE,4J - OKLAHOMA CITY,4J4 - TULSA,4J4N - MUSKOGEE
USAREC,5TH BDE,4J - OKLAHOMA CITY,4J4 - TULSA,4J4P - OWASSO
USAREC,5TH BDE,4J - OKLAHOMA CITY,4J4 - TULSA,4J4V - TULSA SOUTH
USAREC,5TH BDE,4J - OKLAHOMA CITY,4J5 - TEXARKANA,4J5B - PINE BLUFF
USAREC,5TH BDE,4J - OKLAHOMA CITY,4J5 - TEXARKANA,4J5C - TEXARKANA
USAREC,5TH BDE,4J - OKLAHOMA CITY,4J5 - TEXARKANA,4J5G - HOT SPRINGS
USAREC,5TH BDE,4J - OKLAHOMA CITY,4J5 - TEXARKANA,4J5K - EL DORADO
USAREC,5TH BDE,4J - OKLAHOMA CITY,4J5 - TEXARKANA,4J5Q - PARIS
USAREC,5TH BDE,4J - OKLAHOMA CITY,4J6 - FT SMITH,4J6A - RUSSELLVILLE
USAREC,5TH BDE,4J - OKLAHOMA CITY,4J6 - FT SMITH,4J6C - FORT SMITH
USAREC,5TH BDE,4J - OKLAHOMA CITY,4J6 - FT SMITH,4J6D - HARRISON
USAREC,5TH BDE,4J - OKLAHOMA CITY,4J6 - FT SMITH,4J6E - FAYETTEVILLE NE
USAREC,5TH BDE,4J - OKLAHOMA CITY,4J6 - FT SMITH,4J6F - FAYETTEVILLE SW
USAREC,5TH BDE,4J - OKLAHOMA CITY,4J6 - FT SMITH,4J6M - MOUNTAIN HOME
USAREC,5TH BDE,4J - OKLAHOMA CITY,4J6 - FT SMITH,4J6R - ROGERS
USAREC,5TH BDE,4J - OKLAHOMA CITY,4J7 - LITTLE ROCK,4J7A - BATESVILLE
USAREC,5TH BDE,4J - OKLAHOMA CITY,4J7 - LITTLE ROCK,4J7B - NORTH LITTLE ROCK
USAREC,5TH BDE,4J - OKLAHOMA CITY,4J7 - LITTLE ROCK,4J7C - CONWAY
USAREC,5TH BDE,4J - OKLAHOMA CITY,4J7 - LITTLE ROCK,4J7E - SOUTH LITTLE ROCK
USAREC,5TH BDE,4J - OKLAHOMA CITY,4J7 - LITTLE ROCK,4J7K - MARION
USAREC,5TH BDE,4J - OKLAHOMA CITY,4J7 - LITTLE ROCK,4J7N - JONESBORO
USAREC,5TH BDE,4J - OKLAHOMA CITY,4J7 - LITTLE ROCK,4J7S - SEARCY
USAREC,5TH BDE,4J - OKLAHOMA CITY,4J8 - WICHITA,4J8D - DODGE CITY
USAREC,5TH BDE,4J - OKLAHOMA CITY,4J8 - WICHITA,4J8K - HUTCHINSON
USAREC,5TH BDE,4J - OKLAHOMA CITY,4J8 - WICHITA,4J8P - PONCA CITY
USAREC,5TH BDE,4J - OKLAHOMA CITY,4J8 - WICHITA,4J8R - WICHITA EAST
USAREC,5TH BDE,4J - OKLAHOMA CITY,4J8 - WICHITA,4J8W - WICHITA WEST
USAREC,5TH BDE,4K - SAN ANTONIO,4K1 - AUSTIN,4K1A - LAKE CREEK
USAREC,5TH BDE,4K - SAN ANTONIO,4K1 - AUSTIN,4K1G - ROUND ROCK
USAREC,5TH BDE,4K - SAN ANTONIO,4K1 - AUSTIN,4K1K - GEORGETOWN
USAREC,5TH BDE,4K - SAN ANTONIO,4K1 - AUSTIN,4K1M - MARBLE FALLS
USAREC,5TH BDE,4K - SAN ANTONIO,4K1 - AUSTIN,4K1N - NORTH CROSS
USAREC,5TH BDE,4K - SAN ANTONIO,4K1 - AUSTIN,4K1U - UNIVERSITY
USAREC,5TH BDE,4K - SAN ANTONIO,4K2 - CORPUS CHRISTI,4K2D - KINGSVILLE
USAREC,5TH BDE,4K - SAN ANTONIO,4K2 - CORPUS CHRISTI,4K2H - CORPUS CHRISTI
USAREC,5TH BDE,4K - SAN ANTONIO,4K2 - CORPUS CHRISTI,4K2P - PORTLAND
USAREC,5TH BDE,4K - SAN ANTONIO,4K2 - CORPUS CHRISTI,4K2V - VICTORIA
USAREC,5TH BDE,4K - SAN ANTONIO,4K3 - SAN MARCOS,4K3B - SAN MARCOS
USAREC,5TH BDE,4K - SAN ANTONIO,4K3 - SAN MARCOS,4K3C - BASTROP
USAREC,5TH BDE,4K - SAN ANTONIO,4K3 - SAN MARCOS,4K3D - AUSTIN SOUTH
USAREC,5TH BDE,4K - SAN ANTONIO,4K3 - SAN MARCOS,4K3N - NEW BRAUNFELS
USAREC,5TH BDE,4K - SAN ANTONIO,4K4 - WEST SAN ANTONIO,4K4B - DEL RIO
USAREC,5TH BDE,4K - SAN ANTONIO,4K4 - WEST SAN ANTONIO,4K4K - KERRVILLE
USAREC,5TH BDE,4K - SAN ANTONIO,4K4 - WEST SAN ANTONIO,4K4L - POTRANCO
USAREC,5TH BDE,4K - SAN ANTONIO,4K4 - WEST SAN ANTONIO,4K4N - DEZAVALA
USAREC,5TH BDE,4K - SAN ANTONIO,4K4 - WEST SAN ANTONIO,4K4R - SOUTH PARK
USAREC,5TH BDE,4K - SAN ANTONIO,4K4 - WEST SAN ANTONIO,4K4W - INGRAM PARK
USAREC,5TH BDE,4K - SAN ANTONIO,4K5 - EAST SAN ANTONIO,4K5A - PARK NORTH
USAREC,5TH BDE,4K - SAN ANTONIO,4K5 - EAST SAN ANTONIO,4K5F - FORUM
USAREC,5TH BDE,4K - SAN ANTONIO,4K5 - EAST SAN ANTONIO,4K5M - SAN ANTONIO SOUTHEAST
USAREC,5TH BDE,4K - SAN ANTONIO,4K5 - EAST SAN ANTONIO,4K5N - WALZEM
USAREC,5TH BDE,4K - SAN ANTONIO,4K5 - EAST SAN ANTONIO,4K5P - ROLLING OAKS
USAREC,5TH BDE,4K - SAN ANTONIO,4K6 - EL PASO,4K6A - ALAMOGORDO
USAREC,5TH BDE,4K - SAN ANTONIO,4K6 - EL PASO,4K6D - TRANS MOUNTAIN
USAREC,5TH BDE,4K - SAN ANTONIO,4K6 - EL PASO,4K6L - LAS CRUCES
USAREC,5TH BDE,4K - SAN ANTONIO,4K6 - EL PASO,4K6M - MONTWOOD
USAREC,5TH BDE,4K - SAN ANTONIO,4K6 - EL PASO,4K6R - ROSWELL
USAREC,5TH BDE,4K - SAN ANTONIO,4K6 - EL PASO,4K6T - ZARAGOSA
USAREC,5TH BDE,4K - SAN ANTONIO,4K6 - EL PASO,4K6V - VISCOUNT
USAREC,5TH BDE,4K - SAN ANTONIO,4K6 - EL PASO,4K6W - CORONADO
USAREC,5TH BDE,4K - SAN ANTONIO,4K7 - RIO GRANDE,4K7B - BROWNSVILLE
USAREC,5TH BDE,4K - SAN ANTONIO,4K7 - RIO GRANDE,4K7H - HARLINGEN
USAREC,5TH BDE,4K - SAN ANTONIO,4K7 - RIO GRANDE,4K7L - LAREDO
USAREC,5TH BDE,4K - SAN ANTONIO,4K7 - RIO GRANDE,4K7M - MC ALLEN
USAREC,5TH BDE,4K - SAN ANTONIO,4K7 - RIO GRANDE,4K7R - MISSION
USAREC,5TH BDE,4K - SAN ANTONIO,4K7 - RIO GRANDE,4K7W - WESLACO
USAREC,5TH BDE,4P - PHOENIX,4P1 - PHOENIX WEST,4P1A - ARROWHEAD
USAREC,5TH BDE,4P - PHOENIX,4P1 - PHOENIX WEST,4P1B - GLENDALE
USAREC,5TH BDE,4P - PHOENIX,4P1 - PHOENIX WEST,4P1C - GOODYEAR
USAREC,5TH BDE,4P - PHOENIX,4P1 - PHOENIX WEST,4P1E - BUCKEYE (GOODYEAR SOUTH)
USAREC,5TH BDE,4P - PHOENIX,4P1 - PHOENIX WEST,4P1H - SURPRISE
USAREC,5TH BDE,4P - PHOENIX,4P1 - PHOENIX WEST,4P1L - BULLHEAD CITY
USAREC,5TH BDE,4P - PHOENIX,4P1 - PHOENIX WEST,4P1S - LAKE HAVASU
USAREC,5TH BDE,4P - PHOENIX,4P1 - PHOENIX WEST,4P1U - YUMA
USAREC,5TH BDE,4P - PHOENIX,4P2 - TUCSON,4P2A - CATALINA
USAREC,5TH BDE,4P - PHOENIX,4P2 - TUCSON,4P2G - CASA GRANDE
USAREC,5TH BDE,4P - PHOENIX,4P2 - TUCSON,4P2J - SIERRA VISTA
USAREC,5TH BDE,4P - PHOENIX,4P2 - TUCSON,4P2N - FOOTHILLS
USAREC,5TH BDE,4P - PHOENIX,4P2 - TUCSON,4P2P - OLD PUEBLO
USAREC,5TH BDE,4P - PHOENIX,4P2 - TUCSON,4P2R - CENTER POINTE
USAREC,5TH BDE,4P - PHOENIX,4P3 - PHOENIX NORTH,4P3A - ANTHEM
USAREC,5TH BDE,4P - PHOENIX,4P3 - PHOENIX NORTH,4P3D - FLAGSTAFF
USAREC,5TH BDE,4P - PHOENIX,4P3 - PHOENIX NORTH,4P3G - PRESCOTT
USAREC,5TH BDE,4P - PHOENIX,4P3 - PHOENIX NORTH,4P3I - PARADISE VALLEY
USAREC,5TH BDE,4P - PHOENIX,4P3 - PHOENIX NORTH,4P3P - NORTH PHOENIX
USAREC,5TH BDE,4P - PHOENIX,4P4 - TEMPE,4P4C - MESA
USAREC,5TH BDE,4P - PHOENIX,4P4 - TEMPE,4P4E - SUPERSTITION
USAREC,5TH BDE,4P - PHOENIX,4P4 - TEMPE,4P4L - WHITE MOUNTAINS
USAREC,5TH BDE,4P - PHOENIX,4P4 - TEMPE,4P4Q - QUEEN CREEK
USAREC,5TH BDE,4P - PHOENIX,4P4 - TEMPE,4P4T - TEMPE
USAREC,5TH BDE,4P - PHOENIX,4P4 - TEMPE,4P4W - GILBERT
USAREC,5TH BDE,4P - PHOENIX,4P5 - ALBUQUERQUE,4P5E - FOUR HILLS
USAREC,5TH BDE,4P - PHOENIX,4P5 - ALBUQUERQUE,4P5F - FARMINGTON
USAREC,5TH BDE,4P - PHOENIX,4P5 - ALBUQUERQUE,4P5N - SAN MATEO
USAREC,5TH BDE,4P - PHOENIX,4P5 - ALBUQUERQUE,4P5Q - RIO RANCHO
USAREC,5TH BDE,4P - PHOENIX,4P5 - ALBUQUERQUE,4P5S - SANTA FE
USAREC,5TH BDE,4P - PHOENIX,4P5 - ALBUQUERQUE,4P5W - LADERA
USAREC,5TH BDE,4P - PHOENIX,4P7 - PHOENIX CENTRAL,4P7F - CHRISTOWN
USAREC,5TH BDE,4P - PHOENIX,4P7 - PHOENIX CENTRAL,4P7K - CHANDLER
USAREC,5TH BDE,4P - PHOENIX,4P7 - PHOENIX CENTRAL,4P7M - WESTRIDGE
USAREC,5TH BDE,4P - PHOENIX,4P7 - PHOENIX CENTRAL,4P7S - SCOTTSDALE
USAREC,5TH BDE,4P - PHOENIX,4P7 - PHOENIX CENTRAL,4P7T - METRO CENTER
USAREC,5TH BDE,4P - PHOENIX,4P7 - PHOENIX CENTRAL,4P7V - SOUTH MOUNTAIN
USAREC,6TH BDE,6F - LOS ANGELES,6F2 - SAN GABRIEL VALLEY,6F2A - POMONA
USAREC,6TH BDE,6F - LOS ANGELES,6F2 - SAN GABRIEL VALLEY,6F2D - AZUSA
USAREC,6TH BDE,6F - LOS ANGELES,6F2 - SAN GABRIEL VALLEY,6F2F - EL MONTE
USAREC,6TH BDE,6F - LOS ANGELES,6F2 - SAN GABRIEL VALLEY,6F2P - PASADENA
USAREC,6TH BDE,6F - LOS ANGELES,6F2 - SAN GABRIEL VALLEY,6F2R - MONTEREY PARK
USAREC,6TH BDE,6F - LOS ANGELES,6F2 - SAN GABRIEL VALLEY,6F2V - ROWLAND HEIGHTS
USAREC,6TH BDE,6F - LOS ANGELES,6F3 - LONG BEACH,6F3B - LAKEWOOD
USAREC,6TH BDE,6F - LOS ANGELES,6F3 - LONG BEACH,6F3C - CARSON
USAREC,6TH BDE,6F - LOS ANGELES,6F3 - LONG BEACH,6F3H - LONG BEACH
USAREC,6TH BDE,6F - LOS ANGELES,6F3 - LONG BEACH,6F3R - NORWALK
USAREC,6TH BDE,6F - LOS ANGELES,6F3 - LONG BEACH,6F3V - HUNTINGTON PARK
USAREC,6TH BDE,6F - LOS ANGELES,6F3 - LONG BEACH,6F3W - WHITTIER
USAREC,6TH BDE,6F - LOS ANGELES,6F5 - SN FERNANDO VL,6F5A - VENTURA
USAREC,6TH BDE,6F - LOS ANGELES,6F5 - SN FERNANDO VL,6F5N - TARZANA
USAREC,6TH BDE,6F - LOS ANGELES,6F5 - SN FERNANDO VL,6F5O - OXNARD
USAREC,6TH BDE,6F - LOS ANGELES,6F5 - SN FERNANDO VL,6F5T - THOUSAND OAKS
USAREC,6TH BDE,6F - LOS ANGELES,6F5 - SN FERNANDO VL,6F5V - SIMI VALLEY
USAREC,6TH BDE,6F - LOS ANGELES,6F7 - COASTAL,6F7F - TORRANCE
USAREC,6TH BDE,6F - LOS ANGELES,6F7 - COASTAL,6F7K - KOREA TOWN
USAREC,6TH BDE,6F - LOS ANGELES,6F7 - COASTAL,6F7L - LA CENTRAL
USAREC,6TH BDE,6F - LOS ANGELES,6F7 - COASTAL,6F7T - INGLEWOOD
USAREC,6TH BDE,6F - LOS ANGELES,6F7 - COASTAL,6F7V - CULVER CITY
USAREC,6TH BDE,6F - LOS ANGELES,6F8 - LOS ANGELES NORTH,6F8G - GRANADA HILLS
USAREC,6TH BDE,6F - LOS ANGELES,6F8 - LOS ANGELES NORTH,6F8H - BURBANK
USAREC,6TH BDE,6F - LOS ANGELES,6F8 - LOS ANGELES NORTH,6F8L - LANCASTER
USAREC,6TH BDE,6F - LOS ANGELES,6F8 - LOS ANGELES NORTH,6F8P - PALMDALE
USAREC,6TH BDE,6F - LOS ANGELES,6F8 - LOS ANGELES NORTH,6F8S - SANTA CLARITA
USAREC,6TH BDE,6H - PORTLAND,6H1 - EUGENE,6H1B - BEND
USAREC,6TH BDE,6H - PORTLAND,6H1 - EUGENE,6H1G - COOS BAY
USAREC,6TH BDE,6H - PORTLAND,6H1 - EUGENE,6H1K - EUGENE
USAREC,6TH BDE,6H - PORTLAND,6H1 - EUGENE,6H1L - ALBANY
USAREC,6TH BDE,6H - PORTLAND,6H1 - EUGENE,6H1S - SPRINGFIELD
USAREC,6TH BDE,6H - PORTLAND,6H1 - EUGENE,6H1V - ROSEBURG
USAREC,6TH BDE,6H - PORTLAND,6H2 - VANCOUVER,6H2A - ASTORIA
USAREC,6TH BDE,6H - PORTLAND,6H2 - VANCOUVER,6H2E - VANCOUVER EAST
USAREC,6TH BDE,6H - PORTLAND,6H2 - VANCOUVER,6H2G - TIGARD
USAREC,6TH BDE,6H - PORTLAND,6H2 - VANCOUVER,6H2H - HILLSBORO
USAREC,6TH BDE,6H - PORTLAND,6H2 - VANCOUVER,6H2P - LONGVIEW
USAREC,6TH BDE,6H - PORTLAND,6H2 - VANCOUVER,6H2Q - PORTLAND
USAREC,6TH BDE,6H - PORTLAND,6H2 - VANCOUVER,6H2W - VANCOUVER WEST
USAREC,6TH BDE,6H - PORTLAND,6H3 - MOUNT HOOD,6H3C - CANBY
USAREC,6TH BDE,6H - PORTLAND,6H3 - MOUNT HOOD,6H3M - OREGON CITY
USAREC,6TH BDE,6H - PORTLAND,6H3 - MOUNT HOOD,6H3N - MC MINNVILLE
USAREC,6TH BDE,6H - PORTLAND,6H3 - MOUNT HOOD,6H3S - THE DALLES
USAREC,6TH BDE,6H - PORTLAND,6H3 - MOUNT HOOD,6H3T - GRESHAM
USAREC,6TH BDE,6H - PORTLAND,6H3 - MOUNT HOOD,6H3U - SALEM
USAREC,6TH BDE,6H - PORTLAND,6H5 - HAWAII,6H5B - KONA
USAREC,6TH BDE,6H - PORTLAND,6H5 - HAWAII,6H5D - KAPIOLANI
USAREC,6TH BDE,6H - PORTLAND,6H5 - HAWAII,6H5H - HILO
USAREC,6TH BDE,6H - PORTLAND,6H5 - HAWAII,6H5I - KAUAI
USAREC,6TH BDE,6H - PORTLAND,6H5 - HAWAII,6H5M - WAHIAWA
USAREC,6TH BDE,6H - PORTLAND,6H5 - HAWAII,6H5N - KANEOHE
USAREC,6TH BDE,6H - PORTLAND,6H5 - HAWAII,6H5P - PEARL CITY
USAREC,6TH BDE,6H - PORTLAND,6H5 - HAWAII,6H5S - WAILUKU MAUI
USAREC,6TH BDE,6H - PORTLAND,6H5 - HAWAII,6H5W - KAPOLEI
USAREC,6TH BDE,6H - PORTLAND,6H7 - GUAM,6H7B - MICRONESIA
USAREC,6TH BDE,6H - PORTLAND,6H7 - GUAM,6H7G - HAGATNA
USAREC,6TH BDE,6H - PORTLAND,6H7 - GUAM,6H7J - OKINAWA
USAREC,6TH BDE,6H - PORTLAND,6H7 - GUAM,6H7K - KOREA
USAREC,6TH BDE,6H - PORTLAND,6H7 - GUAM,6H7M - JAPAN-MAINLAND
USAREC,6TH BDE,6H - PORTLAND,6H7 - GUAM,6H7N - SAIPAN
USAREC,6TH BDE,6H - PORTLAND,6H7 - GUAM,6H7S - SAMOA
USAREC,6TH BDE,6I - NORCAL,6I0 - SIERRA NEVADA,6I0C - CARSON CITY
USAREC,6TH BDE,6I - NORCAL,6I0 - SIERRA NEVADA,6I0F - FALLON
USAREC,6TH BDE,6I - NORCAL,6I0 - SIERRA NEVADA,6I0P - SPARKS
USAREC,6TH BDE,6I - NORCAL,6I0 - SIERRA NEVADA,6I0R - RENO
USAREC,6TH BDE,6I - NORCAL,6I0 - SIERRA NEVADA,6I0S - SUSANVILLE
USAREC,6TH BDE,6I - NORCAL,6I1 - REDDING,6I1D - CHICO
USAREC,6TH BDE,6I - NORCAL,6I1 - REDDING,6I1E - EUREKA
USAREC,6TH BDE,6I - NORCAL,6I1 - REDDING,6I1K - KLAMATH FALLS
USAREC,6TH BDE,6I - NORCAL,6I1 - REDDING,6I1R - REDDING
USAREC,6TH BDE,6I - NORCAL,6I1 - REDDING,6I1S - MEDFORD
USAREC,6TH BDE,6I - NORCAL,6I3 - SACRAMENTO VALLEY,6I3F - FOLSOM
USAREC,6TH BDE,6I - NORCAL,6I3 - SACRAMENTO VALLEY,6I3G - ROSEVILLE
USAREC,6TH BDE,6I - NORCAL,6I3 - SACRAMENTO VALLEY,6I3H - YUBA CITY
USAREC,6TH BDE,6I - NORCAL,6I3 - SACRAMENTO VALLEY,6I3N - AUBURN
USAREC,6TH BDE,6I - NORCAL,6I3 - SACRAMENTO VALLEY,6I3P - PLACERVILLE
USAREC,6TH BDE,6I - NORCAL,6I3 - SACRAMENTO VALLEY,6I3V - FAIR OAKS CA
USAREC,6TH BDE,6I - NORCAL,6I4 - SAN JOAQUIN,6I4J - MODESTO
USAREC,6TH BDE,6I - NORCAL,6I4 - SAN JOAQUIN,6I4M - MANTECA
USAREC,6TH BDE,6I - NORCAL,6I4 - SAN JOAQUIN,6I4S - SONORA
USAREC,6TH BDE,6I - NORCAL,6I4 - SAN JOAQUIN,6I4T - TURLOCK
USAREC,6TH BDE,6I - NORCAL,6I4 - SAN JOAQUIN,6I4V - STOCKTON
USAREC,6TH BDE,6I - NORCAL,6I5 - CAPITAL,6I5A - SACRAMENTO NORTH
USAREC,6TH BDE,6I - NORCAL,6I5 - CAPITAL,6I5F - SACRAMENTO SOUTH
USAREC,6TH BDE,6I - NORCAL,6I5 - CAPITAL,6I5G - ELK GROVE
USAREC,6TH BDE,6I - NORCAL,6I5 - CAPITAL,6I5W - WOODLAND
USAREC,6TH BDE,6I - NORCAL,6I6 - NORTH BAY,6I6F - FAIRFIELD
USAREC,6TH BDE,6I - NORCAL,6I6 - NORTH BAY,6I6M - SANTA ROSA
USAREC,6TH BDE,6I - NORCAL,6I6 - NORTH BAY,6I6N - NOVATO
USAREC,6TH BDE,6I - NORCAL,6I6 - NORTH BAY,6I6P - UKIAH
USAREC,6TH BDE,6I - NORCAL,6I6 - NORTH BAY,6I6S - AMERICAN CANYON
USAREC,6TH BDE,6I - NORCAL,6I6 - NORTH BAY,6I6V - VACAVILLE
USAREC,6TH BDE,6J - MOUNTAIN WEST,6J1 - OGDEN,6J1F - IDAHO FALLS
USAREC,6TH BDE,6J - MOUNTAIN WEST,6J1 - OGDEN,6J1L - OGDEN
USAREC,6TH BDE,6J - MOUNTAIN WEST,6J1 - OGDEN,6J1N - LOGAN
USAREC,6TH BDE,6J - MOUNTAIN WEST,6J1 - OGDEN,6J1P - POCATELLO
USAREC,6TH BDE,6J - MOUNTAIN WEST,6J1 - OGDEN,6J1R - CLEARFIELD
USAREC,6TH BDE,6J - MOUNTAIN WEST,6J1 - OGDEN,6J1S - ROCK SPRINGS
USAREC,6TH BDE,6J - MOUNTAIN WEST,6J2 - SALT LAKE,6J2B - TAYLORSVILLE
USAREC,6TH BDE,6J - MOUNTAIN WEST,6J2 - SALT LAKE,6J2F - PROVO
USAREC,6TH BDE,6J - MOUNTAIN WEST,6J2 - SALT LAKE,6J2H - WEST JORDAN
USAREC,6TH BDE,6J - MOUNTAIN WEST,6J2 - SALT LAKE,6J2M - AMERICAN FORK
USAREC,6TH BDE,6J - MOUNTAIN WEST,6J2 - SALT LAKE,6J2R - SANDY
USAREC,6TH BDE,6J - MOUNTAIN WEST,6J2 - SALT LAKE,6J2W - MURRAY
USAREC,6TH BDE,6J - MOUNTAIN WEST,6J3 - MISSOULA,6J3D - BUTTE
USAREC,6TH BDE,6J - MOUNTAIN WEST,6J3 - MISSOULA,6J3G - GREAT FALLS
USAREC,6TH BDE,6J - MOUNTAIN WEST,6J3 - MISSOULA,6J3M - MISSOULA
USAREC,6TH BDE,6J - MOUNTAIN WEST,6J3 - MISSOULA,6J3P - HELENA
USAREC,6TH BDE,6J - MOUNTAIN WEST,6J3 - MISSOULA,6J3W - KALISPELL
USAREC,6TH BDE,6J - MOUNTAIN WEST,6J4 - BOISE,6J4A - MERIDIAN
USAREC,6TH BDE,6J - MOUNTAIN WEST,6J4 - BOISE,6J4B - BOISE
USAREC,6TH BDE,6J - MOUNTAIN WEST,6J4 - BOISE,6J4F - ONTARIO
USAREC,6TH BDE,6J - MOUNTAIN WEST,6J4 - BOISE,6J4L - ELKO
USAREC,6TH BDE,6J - MOUNTAIN WEST,6J4 - BOISE,6J4N - NAMPA
USAREC,6TH BDE,6J - MOUNTAIN WEST,6J4 - BOISE,6J4T - TWIN FALLS
USAREC,6TH BDE,6J - MOUNTAIN WEST,6J6 - LAS VEGAS,6J6C - CENTENNIAL HILLS
USAREC,6TH BDE,6J - MOUNTAIN WEST,6J6 - LAS VEGAS,6J6D - DECATUR
USAREC,6TH BDE,6J - MOUNTAIN WEST,6J6 - LAS VEGAS,6J6G - GREEN VALLEY
USAREC,6TH BDE,6J - MOUNTAIN WEST,6J6 - LAS VEGAS,6J6L - LIBERTY
USAREC,6TH BDE,6J - MOUNTAIN WEST,6J6 - LAS VEGAS,6J6M - SAHARA
USAREC,6TH BDE,6J - MOUNTAIN WEST,6J6 - LAS VEGAS,6J6N - NELLIS
USAREC,6TH BDE,6J - MOUNTAIN WEST,6J6 - LAS VEGAS,6J6P - SPRING VALLEY
USAREC,6TH BDE,6J - MOUNTAIN WEST,6J6 - LAS VEGAS,6J6S - ST GEORGE
USAREC,6TH BDE,6J - MOUNTAIN WEST,6J9 - BIG HORN,6J9A - CASPER
USAREC,6TH BDE,6J - MOUNTAIN WEST,6J9 - BIG HORN,6J9B - BILLINGS
USAREC,6TH BDE,6J - MOUNTAIN WEST,6J9 - BIG HORN,6J9C - CODY
USAREC,6TH BDE,6J - MOUNTAIN WEST,6J9 - BIG HORN,6J9D - BOZEMAN
USAREC,6TH BDE,6J - MOUNTAIN WEST,6J9 - BIG HORN,6J9G - GILLETTE
USAREC,6TH BDE,6K - SOUTHERN CAL,6K1 - REDLANDS,6K1A - BARSTOW
USAREC,6TH BDE,6K - SOUTHERN CAL,6K1 - REDLANDS,6K1D - REDLANDS
USAREC,6TH BDE,6K - SOUTHERN CAL,6K1 - REDLANDS,6K1H - HESPERIA
USAREC,6TH BDE,6K - SOUTHERN CAL,6K1 - REDLANDS,6K1I - PALM DESERT
USAREC,6TH BDE,6K - SOUTHERN CAL,6K1 - REDLANDS,6K1S - SAN BERNARDINO
USAREC,6TH BDE,6K - SOUTHERN CAL,6K1 - REDLANDS,6K1T - YUCCA VALLEY
USAREC,6TH BDE,6K - SOUTHERN CAL,6K1 - REDLANDS,6K1V - VICTORVILLE
USAREC,6TH BDE,6K - SOUTHERN CAL,6K2 - HUNTINGTON BEACH,6K2B - TUSTIN
USAREC,6TH BDE,6K - SOUTHERN CAL,6K2 - HUNTINGTON BEACH,6K2H - HUNTINGTON BEACH
USAREC,6TH BDE,6K - SOUTHERN CAL,6K2 - HUNTINGTON BEACH,6K2L - LAKE FOREST
USAREC,6TH BDE,6K - SOUTHERN CAL,6K2 - HUNTINGTON BEACH,6K2M - MISSION VIEJO
USAREC,6TH BDE,6K - SOUTHERN CAL,6K3 - ANAHEIM,6K3A - ANAHEIM
USAREC,6TH BDE,6K - SOUTHERN CAL,6K3 - ANAHEIM,6K3B - BREA
USAREC,6TH BDE,6K - SOUTHERN CAL,6K3 - ANAHEIM,6K3C - CYPRESS
USAREC,6TH BDE,6K - SOUTHERN CAL,6K3 - ANAHEIM,6K3G - WESTMINSTER
USAREC,6TH BDE,6K - SOUTHERN CAL,6K3 - ANAHEIM,6K3O - ORANGE
USAREC,6TH BDE,6K - SOUTHERN CAL,6K4 - SAN DIEGO SOUTH,6K4A - IMPERIAL BEACH
USAREC,6TH BDE,6K - SOUTHERN CAL,6K4 - SAN DIEGO SOUTH,6K4C - NATIONAL CITY
USAREC,6TH BDE,6K - SOUTHERN CAL,6K4 - SAN DIEGO SOUTH,6K4D - CHULA VISTA
USAREC,6TH BDE,6K - SOUTHERN CAL,6K4 - SAN DIEGO SOUTH,6K4H - EL CAJON
USAREC,6TH BDE,6K - SOUTHERN CAL,6K4 - SAN DIEGO SOUTH,6K4K - EL CENTRO
USAREC,6TH BDE,6K - SOUTHERN CAL,6K4 - SAN DIEGO SOUTH,6K4U - UNIVERSITY
USAREC,6TH BDE,6K - SOUTHERN CAL,6K6 - TEMECULA,6K6A - HEMET
USAREC,6TH BDE,6K - SOUTHERN CAL,6K6 - TEMECULA,6K6B - MENIFEE
USAREC,6TH BDE,6K - SOUTHERN CAL,6K6 - TEMECULA,6K6C - MORENO VALLEY
USAREC,6TH BDE,6K - SOUTHERN CAL,6K6 - TEMECULA,6K6G - TEMECULA
USAREC,6TH BDE,6K - SOUTHERN CAL,6K6 - TEMECULA,6K6M - MURRIETA
USAREC,6TH BDE,6K - SOUTHERN CAL,6K7 - RIVERSIDE,6K7A - FONTANA
USAREC,6TH BDE,6K - SOUTHERN CAL,6K7 - RIVERSIDE,6K7B - CHINO HILLS
USAREC,6TH BDE,6K - SOUTHERN CAL,6K7 - RIVERSIDE,6K7C - CORONA
USAREC,6TH BDE,6K - SOUTHERN CAL,6K7 - RIVERSIDE,6K7N - RIVERSIDE
USAREC,6TH BDE,6K - SOUTHERN CAL,6K7 - RIVERSIDE,6K7U - UPLAND
USAREC,6TH BDE,6K - SOUTHERN CAL,6K8 - SAN DIEGO NORTH,6K8B - KEARNY MESA
USAREC,6TH BDE,6K - SOUTHERN CAL,6K8 - SAN DIEGO NORTH,6K8E - ESCONDIDO
USAREC,6TH BDE,6K - SOUTHERN CAL,6K8 - SAN DIEGO NORTH,6K8O - OCEANSIDE
USAREC,6TH BDE,6K - SOUTHERN CAL,6K8 - SAN DIEGO NORTH,6K8P - POWAY
USAREC,6TH BDE,6K - SOUTHERN CAL,6K8 - SAN DIEGO NORTH,6K8S - MIRA MESA
USAREC,6TH BDE,6K - SOUTHERN CAL,6K8 - SAN DIEGO NORTH,6K8V - VISTA
USAREC,6TH BDE,6L - SEATTLE,6L1 - EVERETT,6L1D - BELLINGHAM
USAREC,6TH BDE,6L - SEATTLE,6L1 - EVERETT,6L1G - EVERETT
USAREC,6TH BDE,6L - SEATTLE,6L1 - EVERETT,6L1K - LYNNWOOD
USAREC,6TH BDE,6L - SEATTLE,6L1 - EVERETT,6L1M - MONROE
USAREC,6TH BDE,6L - SEATTLE,6L1 - EVERETT,6L1N - BURLINGTON
USAREC,6TH BDE,6L - SEATTLE,6L2 - SEATTLE,6L2B - BELLEVUE
USAREC,6TH BDE,6L - SEATTLE,6L2 - SEATTLE,6L2C - NORTH SEATTLE
USAREC,6TH BDE,6L - SEATTLE,6L2 - SEATTLE,6L2F - TUKWILA
USAREC,6TH BDE,6L - SEATTLE,6L2 - SEATTLE,6L2K - KENT
USAREC,6TH BDE,6L - SEATTLE,6L3 - SPOKANE,6L3D - HAYDEN
USAREC,6TH BDE,6L - SEATTLE,6L3 - SPOKANE,6L3L - LEWISTON
USAREC,6TH BDE,6L - SEATTLE,6L3 - SPOKANE,6L3O - SPOKANE VALLEY
USAREC,6TH BDE,6L - SEATTLE,6L3 - SPOKANE,6L3R - SPOKANE NORTH
USAREC,6TH BDE,6L - SEATTLE,6L3 - SPOKANE,6L3W - CHENEY
USAREC,6TH BDE,6L - SEATTLE,6L4 - TACOMA,6L4A - AUBURN
USAREC,6TH BDE,6L - SEATTLE,6L4 - TACOMA,6L4B - SPANAWAY
USAREC,6TH BDE,6L - SEATTLE,6L4 - TACOMA,6L4P - PUYALLUP
USAREC,6TH BDE,6L - SEATTLE,6L4 - TACOMA,6L4V - TACOMA MALL
USAREC,6TH BDE,6L - SEATTLE,6L5 - YAKIMA,6L5C - WALLA WALLA
USAREC,6TH BDE,6L - SEATTLE,6L5 - YAKIMA,6L5H - KENNEWICK
USAREC,6TH BDE,6L - SEATTLE,6L5 - YAKIMA,6L5M - MOSES LAKE
USAREC,6TH BDE,6L - SEATTLE,6L5 - YAKIMA,6L5R - EAST WENATCHEE
USAREC,6TH BDE,6L - SEATTLE,6L5 - YAKIMA,6L5W - YAKIMA
USAREC,6TH BDE,6L - SEATTLE,6L6 - ALASKA,6L6A - ANCHORAGE SOUTH
USAREC,6TH BDE,6L - SEATTLE,6L6 - ALASKA,6L6B - ANCHORAGE NORTH
USAREC,6TH BDE,6L - SEATTLE,6L6 - ALASKA,6L6E - WASILLA
USAREC,6TH BDE,6L - SEATTLE,6L6 - ALASKA,6L6G - FAIRBANKS
USAREC,6TH BDE,6L - SEATTLE,6L6 - ALASKA,6L6S - SOLDOTNA
USAREC,6TH BDE,6L - SEATTLE,6L7 - OLYMPIA,6L7E - SILVERDALE
USAREC,6TH BDE,6L - SEATTLE,6L7 - OLYMPIA,6L7F - GIG HARBOR
USAREC,6TH BDE,6L - SEATTLE,6L7 - OLYMPIA,6L7L - LACEY
USAREC,6TH BDE,6L - SEATTLE,6L7 - OLYMPIA,6L7N - CHEHALIS
USAREC,6TH BDE,6L - SEATTLE,6L7 - OLYMPIA,6L7O - OLYMPIA
USAREC,6TH BDE,6N - CENTCAL,6N1 - FRESNO,6N1A - CLOVIS
USAREC,6TH BDE,6N - CENTCAL,6N1 - FRESNO,6N1C - MERCED
USAREC,6TH BDE,6N - CENTCAL,6N1 - FRESNO,6N1F - FRESNO
USAREC,6TH BDE,6N - CENTCAL,6N1 - FRESNO,6N1H - HANFORD
USAREC,6TH BDE,6N - CENTCAL,6N1 - FRESNO,6N1M - MADERA
USAREC,6TH BDE,6N - CENTCAL,6N1 - FRESNO,6N1R - VISALIA
USAREC,6TH BDE,6N - CENTCAL,6N1 - FRESNO,6N1S - SELMA
USAREC,6TH BDE,6N - CENTCAL,6N2 - BAKERSFIELD,6N2A - BAKERSFIELD WEST
USAREC,6TH BDE,6N - CENTCAL,6N2 - BAKERSFIELD,6N2B - BAKERSFIELD EAST
USAREC,6TH BDE,6N - CENTCAL,6N2 - BAKERSFIELD,6N2C - RIDGECREST
USAREC,6TH BDE,6N - CENTCAL,6N2 - BAKERSFIELD,6N2O - DELANO
USAREC,6TH BDE,6N - CENTCAL,6N2 - BAKERSFIELD,6N2P - PORTERVILLE
USAREC,6TH BDE,6N - CENTCAL,6N6 - GOLD COAST,6N6B - GOLETA
USAREC,6TH BDE,6N - CENTCAL,6N6 - GOLD COAST,6N6G - SAN LUIS OBISPO
USAREC,6TH BDE,6N - CENTCAL,6N6 - GOLD COAST,6N6L - LOMPOC
USAREC,6TH BDE,6N - CENTCAL,6N6 - GOLD COAST,6N6N - SANTA MARIA
USAREC,6TH BDE,6N - CENTCAL,6N6 - GOLD COAST,6N6P - PASO ROBLES
USAREC,6TH BDE,6N - CENTCAL,6N7 - SOUTH BAY,6N7B - SAN MATEO
USAREC,6TH BDE,6N - CENTCAL,6N7 - SOUTH BAY,6N7D - DALY CITY
USAREC,6TH BDE,6N - CENTCAL,6N7 - SOUTH BAY,6N7G - MOUNTAIN VIEW
USAREC,6TH BDE,6N - CENTCAL,6N7 - SOUTH BAY,6N7M - GOLDEN GATE
USAREC,6TH BDE,6N - CENTCAL,6N8 - EAST BAY,6N8A - ALAMEDA
USAREC,6TH BDE,6N - CENTCAL,6N8 - EAST BAY,6N8D - BRENTWOOD
USAREC,6TH BDE,6N - CENTCAL,6N8 - EAST BAY,6N8F - FREMONT
USAREC,6TH BDE,6N - CENTCAL,6N8 - EAST BAY,6N8H - PLEASANT HILL
USAREC,6TH BDE,6N - CENTCAL,6N8 - EAST BAY,6N8I - HAYWARD
USAREC,6TH BDE,6N - CENTCAL,6N8 - EAST BAY,6N8L - LIVERMORE
USAREC,6TH BDE,6N - CENTCAL,6N8 - EAST BAY,6N8R - RICHMOND
USAREC,6TH BDE,6N - CENTCAL,6N9 - MONTEREY BAY,6N9A - ALMADEN
USAREC,6TH BDE,6N - CENTCAL,6N9 - MONTEREY BAY,6N9C - CAPITOLA
USAREC,6TH BDE,6N - CENTCAL,6N9 - MONTEREY BAY,6N9D - GILROY
USAREC,6TH BDE,6N - CENTCAL,6N9 - MONTEREY BAY,6N9E - SEASIDE
USAREC,6TH BDE,6N - CENTCAL,6N9 - MONTEREY BAY,6N9M - SAN JOSE EAST
USAREC,6TH BDE,6N - CENTCAL,6N9 - MONTEREY BAY,6N9S - SALINAS
USAREC,6TH BDE,6N - CENTCAL,6N9 - MONTEREY BAY,6N9W - SANTA CLARA
